Time	U_Bat_oszi	U_Fuse_oszi
0	    4.023	-0.023
0.01	4.023	-0.023
0.02	4.023	-0.037
0.03	4.039	-0.023
0.04	4.029	-0.017
0.05	4.023	-0.060
0.06	4.023	-0.023
0.07	4.063	0.041
0.08	4.058	-0.023
0.09	4.058	0.011
0.10	4.038	-0.008
0.11	4.037	0.030
0.12	4.026	-0.020
0.13	4.056	0.009
0.14	4.063	0.010
0.15	4.063	0.016
0.16	4.063	-0.018
0.17	4.030	-0.016
0.18	4.063	0.016
0.19	4.051	0.033
0.20	4.061	0.013
0.21	4.032	-0.015
0.22	4.042	-0.003
0.23	4.073	0.016
0.24	4.063	0.016
0.25	4.033	0.006
0.26	4.063	-0.004
0.27	4.063	0.016
0.28	4.023	-0.023
0.29	4.063	-0.012
0.30	4.041	-0.028
0.31	4.063	0.016
0.32	4.025	-0.021
0.33	4.050	0.003
0.34	4.039	-0.031
0.35	4.056	-0.010
0.36	4.026	-0.057
0.37	4.037	-0.010
0.38	4.038	-0.008
0.39	4.023	-0.059
0.40	4.028	-0.018
0.41	4.038	-0.008
0.42	4.037	-0.010
0.43	4.023	-0.023
0.44	4.023	-0.023
0.45	4.039	-0.007
0.46	4.023	-0.010
0.47	4.023	-0.026
0.48	4.063	-0.016
0.49	4.045	-0.020
0.50	4.051	0.004
0.51	4.023	-0.023
0.52	4.054	0.007
0.53	4.063	0.037
0.54	4.063	0.016
0.55	4.103	0.056
0.56	3.993	-0.064
0.57	4.023	-0.064
0.58	4.032	0.016
0.59	4.021	-0.026
0.60	4.063	0.016
0.61	4.063	0.016
0.62	4.023	-0.049
0.63	4.023	-0.018
0.64	4.063	-0.011
0.65	4.046	0.016
0.66	4.023	-0.017
0.67	3.990	-0.053
0.68	4.049	0.016
0.69	4.038	-0.008
0.70	4.023	-0.018
0.71	4.063	0.011
0.72	4.023	-0.064
0.73	4.048	0.042
0.74	4.023	-0.060
0.75	4.029	-0.023
0.76	4.039	-0.007
0.77	4.036	-0.011
0.78	4.063	0.016
0.79	4.030	-0.023
0.80	4.045	-0.002
0.81	4.034	-0.012
0.82	4.024	-0.022
0.83	4.023	-0.033
0.84	4.043	-0.003
0.85	4.023	-0.023
0.86	4.023	-0.064
0.87	4.052	0.006
0.88	4.042	-0.004
0.89	4.023	-0.033
0.90	4.063	-0.062
0.91	4.034	-0.030
0.92	4.023	-0.023
0.93	4.063	-0.016
0.94	4.060	0.013
0.95	4.050	0.003
0.96	4.023	-0.023
0.97	4.029	-0.017
0.98	4.063	0.053
0.99	4.063	0.002
1.00	4.038	-0.023
1.01	4.028	-0.054
1.02	4.053	0.011
1.03	4.063	0.016
1.04	4.048	-0.023
1.05	4.063	0.012
1.06	4.056	-0.023
1.07	4.039	-0.001
1.08	4.023	-0.023
1.09	4.023	-0.023
1.10	4.023	-0.023
1.11	4.023	-0.064
1.12	4.063	0.016
1.13	4.063	0.017
1.14	4.031	-0.015
1.15	4.042	0.016
1.16	4.052	-0.023
1.17	4.063	0.016
1.18	4.063	0.016
1.19	4.042	0.016
1.20	4.023	0.007
1.21	4.024	-0.023
1.22	4.051	0.004
1.23	4.041	-0.006
1.24	4.030	-0.016
1.25	4.060	0.011
1.26	4.023	-0.023
1.27	4.023	-0.007
1.28	4.023	-0.023
1.29	4.023	-0.020
1.30	4.037	-0.010
1.31	3.998	-0.072
1.32	4.028	-0.018
1.33	4.063	0.016
1.34	4.038	-0.008
1.35	4.074	0.028
1.36	4.059	0.008
1.37	4.029	-0.017
1.38	4.023	-0.047
1.39	4.050	-0.023
1.40	4.025	-0.059
1.41	4.063	-0.016
1.42	4.041	-0.023
1.43	4.034	0.000
1.44	4.023	-0.022
1.45	4.063	0.016
1.46	4.042	-0.005
1.47	4.023	-0.013
1.48	4.063	-0.023
1.49	4.053	-0.023
1.50	4.023	-0.043
1.51	4.032	-0.014
1.52	4.023	-0.025
1.53	4.034	-0.042
1.54	4.063	0.016
1.55	4.023	-0.023
1.56	4.063	0.016
1.57	4.035	-0.011
1.58	4.046	-0.001
1.59	4.023	-0.058
1.60	4.023	-0.023
1.61	4.023	-0.050
1.62	4.047	0.000
1.63	4.063	0.010
1.64	4.063	0.016
1.65	4.038	-0.009
1.66	4.023	0.002
1.67	4.023	-0.023
1.68	4.035	-0.011
1.69	4.039	-0.031
1.70	4.023	-0.011
1.71	4.063	0.054
1.72	4.055	0.008
1.73	4.063	0.016
1.74	4.051	0.033
1.75	4.063	0.055
1.76	4.023	-0.023
1.77	4.023	-0.043
1.78	4.092	0.036
1.79	4.063	0.015
1.80	4.063	0.006
1.81	4.023	-0.044
1.82	4.023	-0.023
1.83	4.024	-0.063
1.84	4.023	-0.023
1.85	4.023	-0.023
1.86	4.063	0.024
1.87	4.063	0.016
1.88	4.078	0.018
1.89	4.063	0.023
1.90	4.056	0.043
1.91	4.059	0.016
1.92	4.049	0.002
1.93	4.047	0.000
1.94	4.057	0.016
1.95	4.063	-0.023
1.96	4.063	0.041
1.97	4.023	-0.038
1.98	4.023	-0.019
1.99	4.063	0.016
2.00	3.708	1.145
2.01	3.996	-0.051
2.02	3.985	-0.023
2.03	3.661	0.861
2.04	3.643	0.843
2.05	3.689	0.849
2.06	3.582	0.863
2.07	3.621	0.900
2.08	3.600	0.880
2.09	3.580	0.900
2.10	3.580	0.861
2.11	3.580	0.900
2.12	3.600	0.861
2.13	3.571	0.843
2.14	3.621	0.821
2.15	3.632	0.752
2.16	3.580	0.781
2.17	3.572	0.861
2.18	3.540	0.861
2.19	3.568	0.916
2.20	3.557	0.838
2.21	3.540	0.854
2.22	3.540	0.858
2.23	3.540	0.847
2.24	3.540	0.861
2.25	3.580	0.856
2.26	3.540	0.825
2.27	3.540	0.861
2.28	3.555	0.875
2.29	3.572	0.892
2.30	3.540	0.861
2.31	3.540	0.861
2.32	3.540	0.887
2.33	3.537	0.823
2.34	3.533	0.854
2.35	3.518	0.839
2.36	3.528	0.849
2.37	3.502	0.824
2.38	3.540	0.870
2.39	3.519	0.820
2.40	3.540	0.820
2.41	3.500	0.821
2.42	3.510	0.801
2.43	3.580	0.840
2.44	3.550	0.870
2.45	3.540	0.862
2.46	3.540	0.872
2.47	3.540	0.842
2.48	3.508	0.861
2.49	3.502	0.864
2.50	3.500	0.794
2.51	3.523	0.884
2.52	3.580	0.686
2.53	3.537	0.813
2.54	3.514	0.809
2.55	3.516	0.852
2.56	3.540	0.930
2.57	3.540	0.866
2.58	3.500	0.861
2.59	3.515	0.876
2.60	3.500	0.825
2.61	3.500	0.894
2.62	3.500	0.861
2.63	3.527	0.887
2.64	3.463	0.826
2.65	3.500	0.854
2.66	3.500	0.861
2.67	3.512	0.844
2.68	3.500	0.861
2.69	3.491	0.861
2.70	3.500	0.840
2.71	3.500	0.861
2.72	3.460	0.821
2.73	3.500	0.880
2.74	3.500	0.881
2.75	3.531	0.913
2.76	3.500	0.861
2.77	3.489	0.878
2.78	3.522	0.882
2.79	3.508	0.909
2.80	3.500	0.820
2.81	3.472	0.833
2.82	3.500	0.844
2.83	3.533	0.928
2.84	3.496	0.854
2.85	3.486	0.873
2.86	3.524	0.877
2.87	3.465	0.856
2.88	3.500	0.825
2.89	3.500	0.876
2.90	3.500	0.861
2.91	3.464	0.794
2.92	3.466	0.894
2.93	3.476	0.853
2.94	3.500	0.874
2.95	3.463	0.858
2.96	3.500	0.869
2.97	3.460	0.803
2.98	3.460	0.820
2.99	3.537	0.899
3.00	3.468	0.870
3.01	3.481	0.882
3.02	3.500	0.861
3.03	3.500	0.900
3.04	3.490	0.861
3.05	3.460	0.841
3.06	3.500	0.900
3.07	3.460	0.860
3.08	3.489	0.889
3.09	3.500	0.839
3.10	3.460	0.853
3.11	3.500	0.863
3.12	3.472	0.900
3.13	3.460	0.820
3.14	3.467	0.861
3.15	3.496	0.890
3.16	3.487	0.875
3.17	3.460	0.845
3.18	3.494	0.889
3.19	3.495	0.856
3.20	3.500	0.861
3.21	3.474	0.846
3.22	3.500	0.866
3.23	3.466	0.826
3.24	3.484	0.861
3.25	3.473	0.834
3.26	3.463	0.864
3.27	3.460	0.861
3.28	3.477	0.879
3.29	3.472	0.861
3.30	3.460	0.822
3.31	3.491	0.861
3.32	3.460	0.820
3.33	3.489	0.890
3.34	3.460	0.821
3.35	3.480	0.881
3.36	3.480	0.861
3.37	3.490	0.881
3.38	3.460	0.861
3.39	3.460	0.832
3.40	3.500	0.900
3.41	3.428	0.798
3.42	3.460	0.820
3.43	3.460	0.833
3.44	3.477	0.855
3.45	3.460	0.861
3.46	3.463	0.865
3.47	3.460	0.861
3.48	3.460	0.868
3.49	3.460	0.861
3.50	3.460	0.857
3.51	3.460	0.886
3.52	3.485	0.912
3.53	3.496	0.896
3.54	3.460	0.826
3.55	3.460	0.861
3.56	3.460	0.861
3.57	3.497	0.897
3.58	3.460	0.828
3.59	3.442	0.843
3.60	3.476	0.864
3.61	3.460	0.861
3.62	3.460	0.861
3.63	3.500	0.900
3.64	3.430	0.831
3.65	3.460	0.821
3.66	3.470	0.871
3.67	3.460	0.861
3.68	3.460	0.891
3.69	3.459	0.861
3.70	3.460	0.850
3.71	3.460	0.861
3.72	3.460	0.892
3.73	3.422	0.822
3.74	3.460	0.861
3.75	3.483	0.884
3.76	3.493	0.894
3.77	3.497	0.897
3.78	3.460	0.887
3.79	3.484	0.885
3.80	3.460	0.895
3.81	3.455	0.857
3.82	3.475	0.876
3.83	3.445	0.846
3.84	3.500	0.900
3.85	3.426	0.793
3.86	3.436	0.853
3.87	3.420	0.820
3.88	3.460	0.897
3.89	3.467	0.908
3.90	3.460	0.861
3.91	3.460	0.900
3.92	3.421	0.824
3.93	3.460	0.861
3.94	3.438	0.858
3.95	3.430	0.872
3.96	3.460	0.861
3.97	3.460	0.861
3.98	3.440	0.860
3.99	3.429	0.861
4.00	3.461	0.863
4.01	3.460	0.872
4.02	3.441	0.842
4.03	3.460	0.861
4.04	3.422	0.863
4.05	3.460	0.900
4.06	3.465	0.866
4.07	3.493	0.894
4.08	3.456	0.890
4.09	3.433	0.834
4.10	3.460	0.885
4.11	3.454	0.855
4.12	3.460	0.866
4.13	3.460	0.861
4.14	3.460	0.861
4.15	3.424	0.829
4.16	3.466	0.906
4.17	3.436	0.853
4.18	3.460	0.861
4.19	3.460	0.900
4.20	3.427	0.835
4.21	3.460	0.906
4.22	3.460	0.873
4.23	3.420	0.861
4.24	3.460	0.900
4.25	3.438	0.880
4.26	3.460	0.861
4.27	3.420	0.821
4.28	3.420	0.820
4.29	3.440	0.881
4.30	3.460	0.900
4.31	3.460	0.900
4.32	3.420	0.832
4.33	3.438	0.877
4.34	3.451	0.884
4.35	3.422	0.861
4.36	3.460	0.873
4.37	3.483	0.883
4.38	3.427	0.861
4.39	3.456	0.858
4.40	3.433	0.861
4.41	3.460	0.909
4.42	3.425	0.861
4.43	3.460	0.861
4.44	3.445	0.861
4.45	3.445	0.871
4.46	3.460	0.900
4.47	3.420	0.826
4.48	3.420	0.837
4.49	3.460	0.887
4.50	3.494	0.929
4.51	3.460	0.900
4.52	3.442	0.865
4.53	3.432	0.849
4.54	3.458	0.900
4.55	3.460	0.861
4.56	3.441	0.861
4.57	3.449	0.890
4.58	3.459	0.900
4.59	3.460	0.842
4.60	3.460	0.941
4.61	3.460	0.900
4.62	3.420	0.862
4.63	3.449	0.850
4.64	3.460	0.882
4.65	3.396	0.869
4.66	3.422	0.861
4.67	3.420	0.876
4.68	3.437	0.878
4.69	3.453	0.861
4.70	3.460	0.861
4.71	3.420	0.900
4.72	3.444	0.885
4.73	3.420	0.826
4.74	3.455	0.896
4.75	3.420	0.876
4.76	3.430	0.897
4.77	3.451	0.928
4.78	3.460	0.900
4.79	3.436	0.853
4.80	3.420	0.834
4.81	3.460	0.864
4.82	3.445	0.854
4.83	3.437	0.896
4.84	3.447	0.888
4.85	3.460	0.900
4.86	3.491	0.925
4.87	3.441	0.861
4.88	3.449	0.919
4.89	3.420	0.862
4.90	3.460	0.871
4.91	3.460	0.900
4.92	3.460	0.900
4.93	3.460	0.900
4.94	3.449	0.890
4.95	3.438	0.882
4.96	3.420	0.861
4.97	3.421	0.863
4.98	3.420	0.873
4.99	3.437	0.878
5.00	3.427	0.868
5.01	3.460	0.938
5.02	3.420	0.875
5.03	3.476	0.900
5.04	3.460	0.906
5.05	3.460	0.900
5.06	3.460	0.900
5.07	3.420	0.861
5.08	3.424	0.861
5.09	3.425	0.906
5.10	3.420	0.861
5.11	3.446	0.887
5.12	3.456	0.897
5.13	3.420	0.868
5.14	3.437	0.878
5.15	3.432	0.873
5.16	3.460	0.900
5.17	3.460	0.950
5.18	3.460	0.920
5.19	3.460	0.900
5.20	3.420	0.861
5.21	3.429	0.891
5.22	3.420	0.881
5.23	3.420	0.891
5.24	3.459	0.900
5.25	3.449	0.879
5.26	3.441	0.922
5.27	3.460	0.933
5.28	3.421	0.863
5.29	3.447	0.917
5.30	3.420	0.838
5.31	3.420	0.854
5.32	3.420	0.861
5.33	3.460	0.900
5.34	3.436	0.861
5.35	3.385	0.820
5.36	3.424	0.866
5.37	3.460	0.900
5.38	3.445	0.912
5.39	3.420	0.861
5.40	3.425	0.906
5.41	3.420	0.861
5.42	3.460	0.927
5.43	3.460	0.941
5.44	3.453	0.886
5.45	3.460	0.924
5.46	3.432	0.900
5.47	3.460	0.900
5.48	3.420	0.892
5.49	3.438	0.899
5.50	3.460	0.958
5.51	3.420	0.862
5.52	3.420	0.922
5.53	3.460	0.900
5.54	3.429	0.910
5.55	3.460	0.941
5.56	3.420	0.872
5.57	3.438	0.922
5.58	3.451	0.924
5.59	3.420	0.861
5.60	3.420	0.861
5.61	3.437	0.918
5.62	3.427	0.908
5.63	3.460	0.938
5.64	3.460	0.914
5.65	3.436	0.877
5.66	3.454	0.930
5.67	3.424	0.905
5.68	3.405	0.871
5.69	3.435	0.900
5.70	3.424	0.905
5.71	3.420	0.861
5.72	3.420	0.885
5.73	3.420	0.875
5.74	3.420	0.861
5.75	3.453	0.927
5.76	3.420	0.883
5.77	3.447	0.941
5.78	3.420	0.898
5.79	3.428	0.878
5.80	3.420	0.879
5.81	3.420	0.900
5.82	3.420	0.900
5.83	3.420	0.871
5.84	3.420	0.921
5.85	3.429	0.871
5.86	3.420	0.861
5.87	3.449	0.890
5.88	3.441	0.900
5.89	3.437	0.878
5.90	3.420	0.940
5.91	3.432	0.913
5.92	3.442	0.923
5.93	3.420	0.893
5.94	3.423	0.864
5.95	3.460	0.941
5.96	3.443	0.909
5.97	3.454	0.900
5.98	3.388	0.834
5.99	3.460	0.915
6.00	3.445	0.926
6.01	3.420	0.861
6.02	3.420	0.867
6.03	3.420	0.900
6.04	3.460	0.914
6.05	3.456	0.938
6.06	3.427	0.908
6.07	3.460	0.900
6.08	3.420	0.929
6.09	3.420	0.900
6.10	3.451	0.933
6.11	3.460	0.922
6.12	3.420	0.890
6.13	3.459	0.979
6.14	3.420	0.891
6.15	3.440	0.921
6.16	3.429	0.881
6.17	3.420	0.901
6.18	3.449	0.930
6.19	3.441	0.922
6.20	3.420	0.892
6.21	3.420	0.900
6.22	3.420	0.900
6.23	3.442	0.941
6.24	3.427	0.908
6.25	3.423	0.904
6.26	3.460	0.941
6.27	3.420	0.877
6.28	3.454	0.900
6.29	3.455	0.941
6.30	3.434	0.915
6.31	3.420	0.900
6.32	3.455	0.971
6.33	3.425	0.936
6.34	3.420	0.900
6.35	3.379	0.820
6.36	3.420	0.900
6.37	3.413	0.887
6.38	3.420	0.900
6.39	3.420	0.873
6.40	3.420	0.900
6.41	3.460	0.941
6.42	3.420	0.900
6.43	3.449	0.900
6.44	3.419	0.940
6.45	3.429	0.919
6.46	3.440	0.961
6.47	3.420	0.911
6.48	3.459	0.941
6.49	3.420	0.930
6.50	3.420	0.900
6.51	3.420	0.861
6.52	3.420	0.900
6.53	3.420	0.913
6.54	3.420	0.923
6.55	3.420	0.900
6.56	3.457	0.938
6.57	3.460	0.954
6.58	3.396	0.877
6.59	3.420	0.907
6.60	3.420	0.905
6.61	3.434	0.941
6.62	3.435	0.980
6.63	3.384	0.871
6.64	3.460	0.941
6.65	3.420	0.917
6.66	3.433	0.900
6.67	3.420	0.904
6.68	3.420	0.907
6.69	3.442	0.964
6.70	3.420	0.941
6.71	3.422	0.944
6.72	3.420	0.869
6.73	3.441	0.922
6.74	3.402	0.934
6.75	3.420	0.941
6.76	3.379	0.861
6.77	3.420	0.921
6.78	3.420	0.922
6.79	3.380	0.901
6.80	3.449	0.970
6.81	3.420	0.900
6.82	3.451	0.963
6.83	3.381	0.863
6.84	3.407	0.917
6.85	3.437	0.980
6.86	3.460	0.949
6.87	3.457	0.944
6.88	3.420	0.941
6.89	3.420	0.900
6.90	3.420	0.968
6.91	3.420	0.865
6.92	3.420	0.926
6.93	3.420	0.941
6.94	3.455	0.976
6.95	3.454	0.975
6.96	3.404	0.925
6.97	3.420	0.915
6.98	3.420	0.977
6.99	3.453	0.948
7.00	3.437	0.941
7.01	3.447	0.968
7.02	3.458	0.978
7.03	3.428	0.949
7.04	3.438	0.937
7.05	3.431	0.952
7.06	3.420	0.980
7.07	3.450	0.980
7.08	3.420	0.943
7.09	3.420	0.931
7.10	3.420	0.941
7.11	3.420	0.941
7.12	3.460	0.983
7.13	3.428	0.950
7.14	3.420	0.943
7.15	3.432	0.924
7.16	3.420	0.941
7.17	3.412	0.900
7.18	3.420	0.938
7.19	3.420	0.941
7.20	3.420	0.917
7.21	3.460	0.987
7.22	3.420	0.941
7.23	3.434	0.956
7.24	3.445	0.980
7.25	3.420	0.976
7.26	3.460	0.986
7.27	3.460	0.965
7.28	3.433	0.955
7.29	3.420	0.941
7.30	3.420	0.974
7.31	3.460	1.021
7.32	3.447	0.968
7.33	3.420	0.941
7.34	3.420	0.877
7.35	3.438	0.937
7.36	3.420	0.941
7.37	3.421	0.981
7.38	3.410	0.932
7.39	3.420	0.961
7.40	3.420	0.980
7.41	3.419	0.980
7.42	3.420	0.911
7.43	3.420	0.941
7.44	3.442	0.963
7.45	3.420	0.979
7.46	3.420	0.980
7.47	3.420	0.923
7.48	3.427	0.980
7.49	3.460	1.019
7.50	3.420	0.980
7.51	3.427	0.972
7.52	3.413	0.974
7.53	3.424	0.945
7.54	3.420	0.941
7.55	3.429	0.911
7.56	3.420	0.941
7.57	3.385	0.906
7.58	3.420	0.941
7.59	3.420	0.941
7.60	3.456	1.014
7.61	3.453	1.008
7.62	3.396	0.918
7.63	3.420	0.968
7.64	3.422	0.944
7.65	3.420	0.949
7.66	3.420	0.941
7.67	3.420	0.980
7.68	3.420	0.941
7.69	3.420	0.971
7.70	3.420	0.941
7.71	3.450	0.971
7.72	3.420	0.980
7.73	3.420	0.991
7.74	3.439	0.980
7.75	3.420	1.004
7.76	3.421	0.982
7.77	3.431	0.965
7.78	3.460	1.044
7.79	3.420	0.973
7.80	3.420	0.980
7.81	3.420	0.980
7.82	3.420	0.980
7.83	3.420	0.947
7.84	3.460	1.017
7.85	3.460	0.995
7.86	3.420	0.980
7.87	3.455	1.012
7.88	3.454	1.016
7.89	3.435	0.980
7.90	3.446	1.007
7.91	3.420	0.980
7.92	3.420	0.974
7.93	3.460	0.998
7.94	3.420	0.980
7.95	3.420	0.980
7.96	3.460	1.030
7.97	3.460	1.025
7.98	3.460	1.010
7.99	3.421	1.021
8.00	3.429	0.990
8.01	3.420	0.961
8.02	3.460	1.011
8.03	3.420	0.942
8.04	3.420	0.941
8.05	3.420	0.980
8.06	3.388	0.980
8.07	3.458	1.021
8.08	3.431	1.005
8.09	3.437	1.017
8.10	3.427	0.988
8.11	3.460	1.019
8.12	3.447	1.036
8.13	3.443	1.046
8.14	3.420	1.021
8.15	3.424	0.989
8.16	3.420	0.980
8.17	3.435	0.996
8.18	3.379	0.941
8.19	3.454	0.980
8.20	3.435	0.997
8.21	3.460	1.036
8.22	3.460	1.059
8.23	3.420	1.015
8.24	3.420	0.980
8.25	3.432	0.980
8.26	3.422	0.983
8.27	3.452	1.013
8.28	3.420	0.999
8.29	3.448	0.980
8.30	3.420	0.942
8.31	3.420	0.980
8.32	3.420	0.961
8.33	3.430	1.032
8.34	3.420	0.942
8.35	3.420	0.991
8.36	3.420	1.021
8.37	3.420	1.012
8.38	3.460	1.021
8.39	3.420	0.969
8.40	3.442	1.003
8.41	3.379	1.014
8.42	3.422	0.983
8.43	3.433	1.007
8.44	3.443	1.028
8.45	3.420	0.980
8.46	3.456	1.054
8.47	3.445	1.048
8.48	3.420	0.980
8.49	3.455	1.052
8.50	3.420	1.021
8.51	3.420	1.005
8.52	3.420	0.980
8.53	3.383	0.980
8.54	3.420	0.980
8.55	3.443	1.050
8.56	3.447	1.049
8.57	3.457	1.060
8.58	3.420	1.013
8.59	3.438	0.997
8.60	3.431	1.033
8.61	3.420	0.982
8.62	3.429	0.999
8.63	3.420	1.001
8.64	3.450	1.081
8.65	3.420	1.021
8.66	3.420	1.002
8.67	3.440	1.023
8.68	3.397	1.007
8.69	3.420	1.020
8.70	3.431	1.063
8.71	3.424	1.026
8.72	3.420	1.021
8.73	3.457	1.019
8.74	3.420	1.021
8.75	3.443	1.021
8.76	3.460	1.063
8.77	3.424	1.026
8.78	3.445	1.021
8.79	3.404	1.006
8.80	3.420	1.057
8.81	3.460	1.063
8.82	3.444	1.063
8.83	3.460	1.048
8.84	3.423	1.025
8.85	3.460	1.056
8.86	3.437	1.039
8.87	3.432	1.047
8.88	3.457	1.057
8.89	3.452	1.054
8.90	3.420	1.021
8.91	3.431	1.063
8.92	3.459	1.061
8.93	3.460	1.063
8.94	3.440	1.023
8.95	3.460	1.072
8.96	3.460	1.101
8.97	3.430	1.091
8.98	3.420	1.021
8.99	3.451	1.063
9.00	3.421	1.024
9.01	3.420	1.021
9.02	3.460	1.063
9.03	3.452	1.086
9.04	3.457	1.024
9.05	3.420	1.021
9.06	3.460	1.079
9.07	3.420	1.021
9.08	3.460	1.066
9.09	3.460	1.102
9.10	3.444	1.047
9.11	3.425	1.063
9.12	3.460	1.063
9.13	3.460	1.078
9.14	3.474	1.076
9.15	3.423	1.063
9.16	3.460	1.102
9.17	3.460	1.079
9.18	3.420	1.021
9.19	3.495	1.138
9.20	3.420	1.063
9.21	3.460	1.102
9.22	3.403	1.033
9.23	3.420	1.063
9.24	3.460	1.102
9.25	3.460	1.081
9.26	3.449	1.081
9.27	3.460	1.102
9.28	3.420	1.052
9.29	3.420	1.063
9.30	3.491	1.125
9.31	3.458	1.100
9.32	3.460	1.102
9.33	3.442	1.084
9.34	3.420	1.029
9.35	3.460	1.102
9.36	3.460	1.102
9.37	3.436	1.102
9.38	3.420	1.069
9.39	3.420	1.063
9.40	3.460	1.102
9.41	3.444	1.102
9.42	3.420	1.057
9.43	3.460	1.132
9.44	3.420	1.086
9.45	3.420	1.076
9.46	3.460	1.102
9.47	3.453	1.069
9.48	3.436	1.135
9.49	3.447	1.076
9.50	3.384	1.027
9.51	3.452	1.135
9.52	3.460	1.143
9.53	3.431	1.074
9.54	3.458	1.102
9.55	3.429	1.071
9.56	3.440	1.104
9.57	3.460	1.112
9.58	3.420	1.063
9.59	3.460	1.112
9.60	3.439	1.102
9.61	3.420	1.102
9.62	3.421	1.102
9.63	3.448	1.131
9.64	3.420	1.084
9.65	3.427	1.102
9.66	3.460	1.140
9.67	3.433	1.115
9.68	3.443	1.085
9.69	3.420	1.095
9.70	3.460	1.146
9.71	3.445	1.128
9.72	3.460	1.143
9.73	3.495	1.143
9.74	3.455	1.171
9.75	3.444	1.127
9.76	3.434	1.116
9.77	3.496	1.174
9.78	3.453	1.102
9.79	3.420	1.125
9.80	3.447	1.169
9.81	3.422	1.143
9.82	3.427	1.110
9.83	3.460	1.143
9.84	3.431	1.125
9.85	3.460	1.180
9.86	3.429	1.111
9.87	3.440	1.124
9.88	3.420	1.083
9.89	3.460	1.182
9.90	3.460	1.143
9.91	3.460	1.143
9.92	3.460	1.191
9.93	3.458	1.141
9.94	3.460	1.182
9.95	3.420	1.164
9.96	3.427	1.110
9.97	3.457	1.140
9.98	3.432	1.115
9.99	3.460	1.119
10.00	3.453	1.143
10.01	3.456	1.182
10.02	3.445	1.153
10.03	3.460	1.158
10.04	3.420	1.102
10.05	3.460	1.148
10.06	3.460	1.182
10.07	3.445	1.168
10.08	3.464	1.146
10.09	3.460	1.149
10.10	3.436	1.143
10.11	3.433	1.155
10.12	3.457	1.179
10.13	3.460	1.182
10.14	3.442	1.164
10.15	3.431	1.154
10.16	3.458	1.180
10.17	3.491	1.254
10.18	3.460	1.203
10.19	3.460	1.192
10.20	3.460	1.182
10.21	3.460	1.192
10.22	3.460	1.223
10.23	3.451	1.182
10.24	3.460	1.221
10.25	3.448	1.194
10.26	3.438	1.179
10.27	3.427	1.158
10.28	3.460	1.223
10.29	3.460	1.236
10.30	3.460	1.205
10.31	3.426	1.188
10.32	3.423	1.186
10.33	3.460	1.196
10.34	3.460	1.207
10.35	3.425	1.223
10.36	3.455	1.253
10.37	3.435	1.197
10.38	3.445	1.208
10.39	3.464	1.223
10.40	3.426	1.182
10.41	3.436	1.199
10.42	3.460	1.250
10.43	3.457	1.223
10.44	3.492	1.303
10.45	3.482	1.267
10.46	3.460	1.194
10.47	3.421	1.184
10.48	3.451	1.213
10.49	3.481	1.264
10.50	3.460	1.233
10.51	3.460	1.223
10.52	3.460	1.253
10.53	3.460	1.264
10.54	3.460	1.264
10.55	3.461	1.225
10.56	3.471	1.275
10.57	3.482	1.285
10.58	3.460	1.223
10.59	3.462	1.266
10.60	3.487	1.318
10.61	3.460	1.286
10.62	3.466	1.303
10.63	3.460	1.264
10.64	3.460	1.264
10.65	3.475	1.319
10.66	3.460	1.264
10.67	3.465	1.274
10.68	3.460	1.288
10.69	3.500	1.344
10.70	3.460	1.268
10.71	3.466	1.315
10.72	3.460	1.327
10.73	3.460	1.264
10.74	3.462	1.228
10.75	3.492	1.295
10.76	3.460	1.303
10.77	3.472	1.275
10.78	3.461	1.304
10.79	3.460	1.294
10.80	3.481	1.303
10.81	3.449	1.253
10.82	3.500	1.344
10.83	3.460	1.313
10.84	3.460	1.303
10.85	3.491	1.344
10.86	3.499	1.382
10.87	3.488	1.344
10.88	3.460	1.325
10.89	3.460	1.344
10.90	3.460	1.346
10.91	3.460	1.344
10.92	3.483	1.366
10.93	3.460	1.309
10.94	3.463	1.347
10.95	3.474	1.372
10.96	3.475	1.359
10.97	3.500	1.388
10.98	3.500	1.424
10.99	3.485	1.344
11.00	3.474	1.398
11.01	3.460	1.420
11.02	3.460	1.383
11.03	3.483	1.424
11.04	3.500	1.409
11.05	3.460	1.380
11.06	3.467	1.431
11.07	3.518	1.481
11.08	3.460	1.383
11.09	3.498	1.424
11.10	3.500	1.432
11.11	3.481	1.444
11.12	3.500	1.493
11.13	3.500	1.463
11.14	3.530	1.524
11.15	3.480	1.444
11.16	3.509	1.472
11.17	3.500	1.464
11.18	3.500	1.492
11.19	3.500	1.504
11.20	3.500	1.496
11.21	3.502	1.545
11.22	3.527	1.532
11.23	3.500	1.504
11.24	3.500	1.545
11.25	3.500	1.504
11.26	3.540	1.584
11.27	3.500	1.545
11.28	3.500	1.579
11.29	3.535	1.574
11.30	3.500	1.584
11.31	3.489	1.574
11.32	3.504	1.588
11.33	3.506	1.625
11.34	3.540	1.641
11.35	3.540	1.664
11.36	3.540	1.700
11.37	3.540	1.664
11.38	3.562	1.687
11.39	3.512	1.625
11.40	3.501	1.704
11.41	3.540	1.705
11.42	3.521	1.705
11.43	3.540	1.746
11.44	3.540	1.705
11.45	3.580	1.816
11.46	3.520	1.706
11.47	3.540	1.808
11.48	3.541	1.786
11.49	3.569	1.814
11.50	3.559	1.804
11.51	3.540	1.818
11.52	3.540	1.824
11.53	3.540	1.826
11.54	3.580	1.906
11.55	3.540	1.899
11.56	3.580	1.869
11.57	3.554	1.893
11.58	3.580	1.945
11.59	3.580	1.981
11.60	3.575	2.012
11.61	3.580	1.986
11.62	3.606	2.013
11.63	3.576	2.023
11.64	3.580	2.054
11.65	3.580	2.066
11.66	3.621	2.134
11.67	3.621	2.113
11.68	3.613	2.146
11.69	3.580	2.125
11.70	3.604	2.171
11.71	3.659	2.265
11.72	3.621	2.229
11.73	3.642	2.249
11.74	3.621	2.298
11.75	3.621	2.308
11.76	3.651	2.348
11.77	3.621	2.348
11.78	3.661	2.357
11.79	3.661	2.428
11.80	3.661	2.428
11.81	3.639	2.447
11.82	3.661	2.477
11.83	3.623	2.512
11.84	3.661	2.536
11.85	3.661	2.526
11.86	3.701	2.622
11.87	3.664	2.593
11.88	3.687	2.682
11.89	3.701	2.670
11.90	3.701	2.670
11.91	3.661	2.670
11.92	3.726	2.735
11.93	3.701	2.776
11.94	3.661	2.750
11.95	3.735	2.818
11.96	3.741	2.830
11.97	3.714	2.844
11.98	3.741	2.874
11.99	3.741	2.910
12.00	3.741	2.888
12.01	3.741	2.910
12.02	3.703	2.912
12.03	3.732	2.942
12.04	3.720	2.930
12.05	3.741	3.021
12.06	3.741	2.951
12.07	3.741	3.002
12.08	3.781	3.052
12.09	3.710	3.001
12.10	3.741	3.031
12.11	3.781	3.089
12.12	3.741	3.029
12.13	3.741	3.039
12.14	3.779	3.072
12.15	3.741	3.072
12.16	3.764	3.095
12.17	3.781	3.079
12.18	3.745	3.079
12.19	3.741	3.072
12.20	3.757	3.088
12.21	3.816	3.180
12.22	3.746	3.152
12.23	3.772	3.157
12.24	3.781	3.152
12.25	3.781	3.152
12.26	3.753	3.130
12.27	3.805	3.191
12.28	3.822	3.246
12.29	3.819	3.265
12.30	3.781	3.184
12.31	3.764	3.174
12.32	3.781	3.180
12.33	3.783	3.193
12.34	3.781	3.191
12.35	3.802	3.173
12.36	3.781	3.202
12.37	3.782	3.192
12.38	3.811	3.243
12.39	3.802	3.253
12.40	3.791	3.201
12.41	3.782	3.233
12.42	3.793	3.232
12.43	3.803	3.218
12.44	3.781	3.257
12.45	3.784	3.196
12.46	3.822	3.287
12.47	3.799	3.232
12.48	3.815	3.306
12.49	3.785	3.232
12.50	3.781	3.232
12.51	3.806	3.257
12.52	3.856	3.268
12.53	3.822	3.237
12.54	3.781	3.258
12.55	3.796	3.247
12.56	3.781	3.196
12.57	3.787	3.239
12.58	3.822	3.257
12.59	3.795	3.219
12.60	3.822	3.313
12.61	3.781	3.232
12.62	3.822	3.295
12.63	3.793	3.256
12.64	3.822	3.275
12.65	3.781	3.241
12.66	3.800	3.270
12.67	3.822	3.284
12.68	3.822	3.274
12.69	3.822	3.273
12.70	3.822	3.293
12.71	3.791	3.242
12.72	3.861	3.353
12.73	3.781	3.262
12.74	3.822	3.273
12.75	3.813	3.296
12.76	3.860	3.351
12.77	3.862	3.325
12.78	3.822	3.296
12.79	3.795	3.280
12.80	3.858	3.350
12.81	3.822	3.287
12.82	3.806	3.257
12.83	3.827	3.318
12.84	3.791	3.322
12.85	3.822	3.313
12.86	3.807	3.313
12.87	3.853	3.304
12.88	3.822	3.313
12.89	3.838	3.337
12.90	3.862	3.354
12.91	3.825	3.350
12.92	3.814	3.298
12.93	3.862	3.331
12.94	3.822	3.341
12.95	3.822	3.313
12.96	3.822	3.304
12.97	3.822	3.311
12.98	3.822	3.343
12.99	3.861	3.353
13.00	3.822	3.313
13.01	3.822	3.333
13.02	3.862	3.354
13.03	3.861	3.391
13.04	3.804	3.313
13.05	3.840	3.349
13.06	3.854	3.337
13.07	3.860	3.351
13.08	3.822	3.273
13.09	3.827	3.319
13.10	3.855	3.340
13.11	3.858	3.350
13.12	3.822	3.299
13.13	3.838	3.344
13.14	3.856	3.354
13.15	3.822	3.278
13.16	3.822	3.323
13.17	3.862	3.342
13.18	3.826	3.321
13.19	3.828	3.347
13.20	3.845	3.313
13.21	3.835	3.326
13.22	3.859	3.390
13.23	3.829	3.327
13.24	3.862	3.354
13.25	3.809	3.301
13.26	3.823	3.316
13.27	3.853	3.336
13.28	3.822	3.334
13.29	3.811	3.262
13.30	3.862	3.354
13.31	3.852	3.343
13.32	3.822	3.333
13.33	3.831	3.363
13.34	3.861	3.392
13.35	3.851	3.342
13.36	3.843	3.374
13.37	3.854	3.354
13.38	3.822	3.354
13.39	3.862	3.380
13.40	3.816	3.308
13.41	3.828	3.354
13.42	3.825	3.319
13.43	3.862	3.354
13.44	3.822	3.354
13.45	3.862	3.365
13.46	3.862	3.354
13.47	3.862	3.368
13.48	3.822	3.313
13.49	3.862	3.354
13.50	3.856	3.347
13.51	3.822	3.329
13.52	3.862	3.393
13.53	3.859	3.390
13.54	3.862	3.393
13.55	3.862	3.398
13.56	3.834	3.337
13.57	3.822	3.313
13.58	3.830	3.362
13.59	3.841	3.393
13.60	3.851	3.382
13.61	3.822	3.313
13.62	3.872	3.403
13.63	3.862	3.373
13.64	3.862	3.363
13.65	3.861	3.353
13.66	3.862	3.382
13.67	3.822	3.332
13.68	3.830	3.321
13.69	3.862	3.393
13.70	3.822	3.354
13.71	3.839	3.370
13.72	3.822	3.320
13.73	3.862	3.389
13.74	3.848	3.379
13.75	3.862	3.369
13.76	3.856	3.354
13.77	3.857	3.383
13.78	3.862	3.368
13.79	3.836	3.368
13.80	3.898	3.393
13.81	3.856	3.347
13.82	3.845	3.377
13.83	3.835	3.339
13.84	3.862	3.354
13.85	3.829	3.361
13.86	3.844	3.336
13.87	3.850	3.393
13.88	3.862	3.355
13.89	3.822	3.354
13.90	3.883	3.414
13.91	3.862	3.354
13.92	3.862	3.433
13.93	3.862	3.383
13.94	3.842	3.393
13.95	3.831	3.363
13.96	3.863	3.393
13.97	3.862	3.364
13.98	3.862	3.393
13.99	3.862	3.393
14.00	3.900	3.431
14.01	3.862	3.366
14.02	3.862	3.376
14.03	3.836	3.360
14.04	3.862	3.393
14.05	3.848	3.379
14.06	3.862	3.393
14.07	3.896	3.387
14.08	3.862	3.393
14.09	3.862	3.404
14.10	3.862	3.368
14.11	3.862	3.393
14.12	3.862	3.393
14.13	3.862	3.386
14.14	3.862	3.393
14.15	3.862	3.393
14.16	3.902	3.426
14.17	3.862	3.393
14.18	3.890	3.421
14.19	3.862	3.393
14.20	3.862	3.384
14.21	3.862	3.414
14.22	3.880	3.412
14.23	3.862	3.393
14.24	3.862	3.373
14.25	3.862	3.413
14.26	3.862	3.363
14.27	3.862	3.393
14.28	3.833	3.364
14.29	3.862	3.372
14.30	3.862	3.425
14.31	3.824	3.391
14.32	3.862	3.405
14.33	3.862	3.393
14.34	3.836	3.368
14.35	3.862	3.393
14.36	3.862	3.367
14.37	3.862	3.393
14.38	3.862	3.387
14.39	3.826	3.397
14.40	3.822	3.368
14.41	3.862	3.393
14.42	3.826	3.358
14.43	3.862	3.428
14.44	3.878	3.409
14.45	3.862	3.420
14.46	3.862	3.393
14.47	3.862	3.419
14.48	3.839	3.330
14.49	3.890	3.421
14.50	3.823	3.391
14.51	3.870	3.393
14.52	3.862	3.354
14.53	3.862	3.393
14.54	3.862	3.393
14.55	3.902	3.403
14.56	3.862	3.413
14.57	3.871	3.412
14.58	3.901	3.433
14.59	3.891	3.422
14.60	3.862	3.434
14.61	3.862	3.401
14.62	3.862	3.393
14.63	3.862	3.405
14.64	3.844	3.399
14.65	3.836	3.368
14.66	3.862	3.430
14.67	3.849	3.381
14.68	3.878	3.409
14.69	3.862	3.393
14.70	3.862	3.358
14.71	3.862	3.418
14.72	3.862	3.434
14.73	3.862	3.393
14.74	3.896	3.434
14.75	3.878	3.426
14.76	3.848	3.379
14.77	3.825	3.354
14.78	3.895	3.400
14.79	3.879	3.451
14.80	3.862	3.405
14.81	3.864	3.434
14.82	3.862	3.410
14.83	3.862	3.393
14.84	3.891	3.422
14.85	3.862	3.393
14.86	3.862	3.402
14.87	3.902	3.453
14.88	3.871	3.434
14.89	3.862	3.433
14.90	3.891	3.434
14.91	3.843	3.393
14.92	3.870	3.401
14.93	3.825	3.357
14.94	3.874	3.405
14.95	3.879	3.428
14.96	3.895	3.460
14.97	3.862	3.434
14.98	3.888	3.420
14.99	3.838	3.369
15.00	3.868	3.434
15.01	3.897	3.465
15.02	3.887	3.434
15.03	3.847	3.378
15.04	3.902	3.397
15.05	3.862	3.393
15.06	3.862	3.409
15.07	3.902	3.461
15.08	3.865	3.399
15.09	3.869	3.441
15.10	3.856	3.406
15.11	3.874	3.405
15.12	3.862	3.393
15.13	3.862	3.425
15.14	3.862	3.393
15.15	3.862	3.404
15.16	3.862	3.355
15.17	3.902	3.402
15.18	3.882	3.434
15.19	3.862	3.373
15.20	3.901	3.473
15.21	3.891	3.452
15.22	3.902	3.476
15.23	3.862	3.434
15.24	3.864	3.436
15.25	3.862	3.446
15.26	3.884	3.475
15.27	3.895	3.467
15.28	3.865	3.396
15.29	3.862	3.434
15.30	3.878	3.386
15.31	3.868	3.377
15.32	3.897	3.470
15.33	3.887	3.434
15.34	3.887	3.444
15.35	3.866	3.402
15.36	3.890	3.422
15.37	3.886	3.465
15.38	3.862	3.420
15.39	3.902	3.471
15.40	3.895	3.441
15.41	3.862	3.410
15.42	3.874	3.418
15.43	3.900	3.432
15.44	3.894	3.417
15.45	3.862	3.414
15.46	3.862	3.422
15.47	3.862	3.356
15.48	3.871	3.443
15.49	3.902	3.454
15.50	3.881	3.413
15.51	3.862	3.433
15.52	3.902	3.445
15.53	3.862	3.455
15.54	3.862	3.434
15.55	3.902	3.435
15.56	3.890	3.477
15.57	3.879	3.428
15.58	3.902	3.434
15.59	3.862	3.434
15.60	3.862	3.434
15.61	3.886	3.458
15.62	3.862	3.428
15.63	3.898	3.470
15.64	3.862	3.418
15.65	3.887	3.459
15.66	3.902	3.470
15.67	3.902	3.475
15.68	3.886	3.434
15.69	3.888	3.447
15.70	3.865	3.434
15.71	3.862	3.393
15.72	3.879	3.445
15.73	3.849	3.421
15.74	3.864	3.434
15.75	3.902	3.475
15.76	3.843	3.374
15.77	3.902	3.475
15.78	3.862	3.434
15.79	3.892	3.455
15.80	3.882	3.454
15.81	3.892	3.455
15.82	3.901	3.474
15.83	3.891	3.463
15.84	3.881	3.412
15.85	3.893	3.434
15.86	3.902	3.435
15.87	3.890	3.421
15.88	3.879	3.452
15.89	3.902	3.467
15.90	3.905	3.440
15.91	3.889	3.447
15.92	3.886	3.401
15.93	3.868	3.440
15.94	3.902	3.475
15.95	3.902	3.475
15.96	3.902	3.459
15.97	3.866	3.402
15.98	3.896	3.422
15.99	3.902	3.450
16.00	3.902	3.475
16.01	3.899	3.471
16.02	3.902	3.434
16.03	3.902	3.475
16.04	3.902	3.446
16.05	3.864	3.436
16.06	3.885	3.489
16.07	3.862	3.434
16.08	3.891	3.434
16.09	3.862	3.393
16.10	3.871	3.434
16.11	3.882	3.434
16.12	3.872	3.475
16.13	3.901	3.475
16.14	3.862	3.434
16.15	3.881	3.412
16.16	3.862	3.425
16.17	3.900	3.473
16.18	3.902	3.486
16.19	3.884	3.452
16.20	3.895	3.467
16.21	3.899	3.468
16.22	3.889	3.461
16.23	3.902	3.475
16.24	3.896	3.468
16.25	3.902	3.475
16.26	3.902	3.525
16.27	3.872	3.404
16.28	3.902	3.470
16.29	3.896	3.469
16.30	3.886	3.442
16.31	3.888	3.461
16.32	3.862	3.396
16.33	3.869	3.441
16.34	3.902	3.475
16.35	3.902	3.489
16.36	3.902	3.475
16.37	3.894	3.458
16.38	3.880	3.475
16.39	3.862	3.434
16.40	3.862	3.393
16.41	3.902	3.514
16.42	3.882	3.474
16.43	3.892	3.454
16.44	3.942	3.554
16.45	3.902	3.434
16.46	3.881	3.475
16.47	3.902	3.483
16.48	3.900	3.473
16.49	3.874	3.405
16.50	3.879	3.452
16.51	3.869	3.467
16.52	3.899	3.472
16.53	3.862	3.420
16.54	3.902	3.491
16.55	3.896	3.434
16.56	3.902	3.475
16.57	3.887	3.460
16.58	3.887	3.484
16.59	3.867	3.434
16.60	3.896	3.475
16.61	3.886	3.442
16.62	3.862	3.419
16.63	3.902	3.475
16.64	3.869	3.413
16.65	3.885	3.479
16.66	3.862	3.405
16.67	3.904	3.477
16.68	3.870	3.442
16.69	3.902	3.496
16.70	3.873	3.416
16.71	3.902	3.435
16.72	3.892	3.475
16.73	3.902	3.494
16.74	3.872	3.444
16.75	3.902	3.514
16.76	3.891	3.464
16.77	3.862	3.396
16.78	3.879	3.451
16.79	3.900	3.509
16.80	3.862	3.462
16.81	3.884	3.434
16.82	3.895	3.467
16.83	3.902	3.472
16.84	3.902	3.475
16.85	3.885	3.458
16.86	3.902	3.475
16.87	3.866	3.434
16.88	3.902	3.475
16.89	3.887	3.459
16.90	3.897	3.479
16.91	3.896	3.434
16.92	3.862	3.458
16.93	3.876	3.461
16.94	3.898	3.507
16.95	3.895	3.475
16.96	3.902	3.457
16.97	3.902	3.501
16.98	3.900	3.475
16.99	3.894	3.506
17.00	3.902	3.475
17.01	3.862	3.445
17.02	3.901	3.474
17.03	3.893	3.434
17.04	3.922	3.534
17.05	3.912	3.495
17.06	3.862	3.474
17.07	3.862	3.445
17.08	3.902	3.475
17.09	3.902	3.442
17.10	3.863	3.475
17.11	3.886	3.458
17.12	3.902	3.496
17.13	3.895	3.459
17.14	3.899	3.511
17.15	3.902	3.501
17.16	3.885	3.498
17.17	3.902	3.440
17.18	3.934	3.501
17.19	3.902	3.499
17.20	3.887	3.444
17.21	3.867	3.475
17.22	3.902	3.475
17.23	3.902	3.475
17.24	3.888	3.446
17.25	3.902	3.514
17.26	3.902	3.475
17.27	3.885	3.497
17.28	3.874	3.446
17.29	3.864	3.436
17.30	3.894	3.498
17.31	3.902	3.496
17.32	3.902	3.475
17.33	3.902	3.475
17.34	3.902	3.475
17.35	3.902	3.473
17.36	3.902	3.484
17.37	3.902	3.434
17.38	3.862	3.475
17.39	3.902	3.475
17.40	3.902	3.514
17.41	3.900	3.510
17.42	3.874	3.446
17.43	3.902	3.475
17.44	3.854	3.452
17.45	3.902	3.472
17.46	3.902	3.501
17.47	3.878	3.450
17.48	3.902	3.514
17.49	3.866	3.442
17.50	3.876	3.460
17.51	3.862	3.449
17.52	3.902	3.475
17.53	3.902	3.480
17.54	3.886	3.458
17.55	3.902	3.475
17.56	3.902	3.478
17.57	3.862	3.475
17.58	3.902	3.480
17.59	3.929	3.501
17.60	3.902	3.514
17.61	3.894	3.466
17.62	3.920	3.493
17.63	3.902	3.514
17.64	3.902	3.475
17.65	3.902	3.475
17.66	3.902	3.494
17.67	3.902	3.475
17.68	3.902	3.475
17.69	3.883	3.496
17.70   3.881	3.493
17.71	3.933	3.546
17.72	3.904	3.476
17.73	3.902	3.502
17.74	3.902	3.492
17.75	3.902	3.521
17.76	3.902	3.475
17.77	3.902	3.487
17.78	3.902	3.514
17.79	3.902	3.475
17.80	3.906	3.483
17.81	3.876	3.448
17.82	3.902	3.499
17.83	3.902	3.479
17.84	3.867	3.439
17.85	3.902	3.475
17.86	3.876	3.435
17.87	3.906	3.478
17.88	3.862	3.468
17.89	3.925	3.514
17.90	3.902	3.475
17.91	3.900	3.511
17.92	3.902	3.450
17.93	3.902	3.475
17.94	3.942	3.555
17.95	3.903	3.437
17.96	3.911	3.523
17.97	3.922	3.494
17.98	3.932	3.534
17.99	3.902	3.474
18.00	3.902	3.485
18.01	3.902	3.493
18.02	3.902	3.475
