Time	T_peel (rel.)	T_average (rel)	Time	T_peel (rel.)	T_average (rel)
0,00	0,06	0,09	0,00	0,02	0,05
1,08	0,06	0,10	1,35	0,16	0,16
2,16	0,09	0,14	2,43	0,11	0,15
3,24	0,12	0,20	3,51	0,12	0,11
4,32	0,11	0,12	4,60	0,00	0,00
5,41	0,00	0,05	5,68	0,01	0,02
6,76	0,12	0,00	6,76	0,15	0,11
7,84	0,89	0,09	8,11	0,05	0,03
9,19	1,60	0,28	9,19	0,22	0,16
10,27	2,10	0,31	10,54	0,26	0,19
11,35	2,51	0,39	11,62	0,22	0,15
12,43	2,99	0,52	12,97	0,38	0,27
13,78	3,44	0,57	14,32	0,63	0,51
14,87	3,86	0,68	15,41	0,69	0,52
15,95	4,13	0,78	16,49	0,81	0,62
17,03	4,42	0,80	17,57	0,97	0,70
18,11	4,73	0,94	18,92	0,91	0,69
19,19	4,92	0,93	20,00	1,03	0,75
20,27	5,11	0,96	21,08	1,07	0,77
21,62	5,38	1,03	22,16	1,17	0,80
22,70	5,64	1,13	23,24	1,26	0,88
23,78	5,91	1,27	24,32	1,23	0,81
24,87	5,98	1,25	25,41	1,46	0,92
25,95	6,19	1,35	26,49	1,57	0,98
27,30	6,33	1,38	27,57	1,78	1,07
28,38	6,44	1,38	28,65	1,86	1,09
29,46	6,59	1,46	30,00	2,08	1,23
30,54	6,72	1,47	31,35	2,30	1,35
31,62	6,85	1,50	32,43	2,38	1,40
32,70	6,99	1,55	33,51	2,52	1,46
33,78	7,09	1,64	34,87	2,54	1,41
35,14	7,29	1,69	35,95	2,77	1,54
36,22	7,37	1,72	37,03	2,83	1,57
37,30	7,50	1,79	38,11	2,96	1,63
38,38	7,57	1,82	39,19	3,00	1,64
39,46	7,76	1,95	40,27	3,07	1,66
40,54	7,80	1,96	41,62	3,24	1,75
41,62	7,93	1,99	42,70	3,29	1,78
42,70	7,96	2,02	43,78	3,41	1,88
44,05	8,03	2,03	44,87	3,48	1,91
45,14	8,05	2,04	45,95	3,63	1,95
46,22	8,09	2,04	47,30	3,73	2,04
47,30	8,20	2,12	48,65	3,87	2,10
48,38	8,24	2,15	49,73	3,97	2,16
49,46	8,38	2,25	50,81	4,00	2,19
50,54	8,50	2,32	52,16	4,09	2,24
51,62	8,51	2,32	53,51	4,27	2,35
52,70	8,65	2,40	54,87	4,31	2,32
54,05	8,74	2,43	55,95	4,38	2,38
55,41	8,77	2,47	57,03	4,43	2,39
56,49	8,86	2,51	58,11	4,52	2,42
57,57	9,02	2,61	59,19	4,58	2,51
58,65	9,00	2,58	60,27	4,78	2,68
60,00	9,00	2,56	61,35	4,74	2,66
61,08	9,05	2,54	62,43	4,87	2,74
62,16	9,18	2,64	63,51	4,95	2,80
63,24	9,18	2,65	64,87	4,93	2,75
64,32	9,28	2,70	66,22	4,91	2,72
65,41	9,31	2,73	67,30	5,01	2,80
66,49	9,37	2,75	68,38	5,00	2,83
67,84	9,49	2,86	69,46	4,97	2,78
68,92	9,61	2,93	70,54	5,19	2,95
70,27	9,64	2,96	71,62	5,25	3,03
71,35	9,66	2,94	72,70	5,30	3,04
72,43	9,66	2,94	74,05	5,39	3,13
73,51	9,78	3,01	75,14	5,26	3,02
74,59	9,81	3,04	76,22	5,36	3,10
75,95	9,82	3,05	77,30	5,49	3,18
77,03	9,88	3,11	78,65	5,54	3,18
78,11	9,93	3,11	79,73	5,50	3,17
79,19	9,98	3,16	80,81	5,53	3,26
80,27	10,03	3,15	81,89	5,56	3,24
81,35	10,06	3,17	82,97	5,70	3,33
82,43	10,18	3,27	84,05	5,69	3,37
83,78	10,21	3,27	85,14	5,60	3,31
84,87	10,27	3,34	86,22	5,74	3,40
85,95	10,31	3,35	87,30	5,77	3,41
87,03	10,39	3,36	88,65	5,77	3,51
88,11	10,49	3,51	90,00	5,89	3,57
89,19	10,53	3,52	91,08	6,03	3,71
90,27	10,51	3,50	92,16	6,05	3,72
91,62	10,43	3,48	93,24	6,05	3,72
92,70	10,48	3,53	94,32	6,08	3,77
93,78	10,53	3,59	95,41	6,13	3,82
94,87	10,53	3,55	96,49	6,10	3,82
95,95	10,60	3,53	97,57	6,18	3,86
97,03	10,61	3,58	98,65	6,32	4,01
98,11	10,61	3,59	99,73	6,28	4,02
99,19	10,70	3,65	100,81	6,37	4,05
100,27	10,74	3,73	101,89	6,32	4,02
101,35	10,72	3,72	102,97	6,41	4,10
102,43	10,82	3,76	104,05	6,46	4,14
103,51	10,82	3,75	105,14	6,44	4,15
104,59	10,79	3,74	106,22	6,49	4,16
105,68	10,77	3,67	107,57	6,51	4,19
106,76	10,73	3,67	108,65	6,60	4,27
107,84	10,71	3,63	110,00	6,65	4,29
109,19	10,87	3,81	111,35	6,62	4,29
110,27	10,86	3,77	112,43	6,74	4,36
111,35	10,89	3,79	113,51	6,69	4,34
112,43	10,91	3,87	114,60	6,75	4,40
113,51	10,89	3,81	115,95	6,76	4,42
114,59	10,90	3,81	117,03	6,76	4,40
115,68	10,99	3,89	118,11	6,77	4,45
116,76	10,99	3,86	119,19	6,87	4,47
117,84	10,95	3,84	120,27	6,94	4,57
118,92	11,02	3,90	121,35	6,89	4,55
120,00	11,09	3,91	122,43	6,95	4,62
121,08	11,04	3,89	123,51	7,04	4,64
122,16	11,05	3,91	124,60	6,95	4,56
123,51	11,20	4,01	125,95	7,01	4,60
125,41	11,20	4,12	127,03	7,05	4,63
126,49	11,31	4,24	128,11	7,05	4,68
127,57	11,25	4,21	129,19	7,08	4,70
128,65	11,29	4,22	130,27	7,15	4,74
129,73	11,33	4,26	131,35	7,07	4,71
131,08	11,35	4,28	132,70	7,11	4,73
132,16	11,36	4,22	133,78	7,14	4,74
133,24	11,39	4,27	134,87	7,32	4,92
134,32	11,33	4,25	135,95	7,33	4,95
135,41	11,35	4,25	137,30	7,29	4,95
136,49	11,40	4,26	138,38	7,25	4,93
137,84	11,45	4,33	139,46	7,33	5,00
138,92	11,44	4,35	140,81	7,40	5,08
140,00	11,44	4,35	141,89	7,37	5,04
141,35	11,48	4,37	142,97	7,44	5,12
142,43	11,51	4,38	144,05	7,45	5,12
143,51	11,53	4,41	145,14	7,48	5,08
144,59	11,54	4,44	146,22	7,53	5,13
145,68	11,58	4,45	147,30	7,49	5,11
146,76	11,53	4,45	148,38	7,47	5,11
147,84	11,54	4,45	149,46	7,51	5,14
149,19	11,58	4,47	150,54	7,58	5,21
150,27	11,62	4,54	151,62	7,66	5,28
151,35	11,59	4,47	152,70	7,67	5,29
152,43	11,52	4,40	153,78	7,65	5,30
153,51	11,60	4,46	154,87	7,71	5,32
154,59	11,72	4,56	155,95	7,71	5,33
155,68	11,78	4,60	157,03	7,66	5,30
156,76	11,75	4,58	158,11	7,66	5,29
157,84	11,70	4,58	159,19	7,67	5,35
158,92	11,76	4,62	160,27	7,65	5,30
160,00	11,77	4,60	161,35	7,59	5,25
161,08	11,78	4,66	162,70	7,62	5,29
162,16	11,80	4,68	163,78	7,63	5,34
163,24	11,69	4,58	164,87	7,63	5,31
164,32	11,75	4,59	165,95	7,76	5,44
165,41	11,75	4,62	167,03	7,73	5,43
166,49	11,81	4,62	168,11	7,74	5,45
167,57	11,84	4,65	169,46	7,83	5,54
168,65	11,84	4,64	170,54	7,73	5,43
169,73	11,89	4,72	171,62	7,68	5,43
170,81	11,96	4,77	172,70	7,68	5,42
171,89	11,99	4,80	173,78	7,69	5,43
172,97	12,02	4,83	174,87	7,70	5,42
174,05	12,05	4,85	175,95	7,67	5,41
175,14	12,04	4,89	177,03	7,71	5,43
176,49	12,00	4,86	178,11	7,73	5,40
177,57	12,06	4,85	179,19	7,77	5,51
178,65	11,95	4,73	180,54	7,80	5,56
179,73	12,00	4,78	181,62	7,84	5,57
180,81	11,98	4,77	182,70	7,81	5,57
181,89	11,99	4,77	183,78	7,78	5,58
182,97	12,04	4,81	184,87	7,90	5,64
184,05	12,09	4,88	185,95	7,91	5,69
185,14	12,21	5,01	187,03	7,90	5,68
186,22	12,16	4,96	188,11	7,82	5,62
187,30	12,21	5,00	189,19	7,90	5,65
188,38	12,07	4,90	190,54	7,90	5,70
189,73	12,15	4,92	191,62	7,90	5,68
190,81	12,14	4,89	192,70	7,82	5,61
192,16	12,08	4,86	193,78	7,87	5,66
193,24	12,07	4,84	194,87	7,93	5,68
194,32	12,17	4,88	196,22	7,93	5,74
195,41	12,15	4,87	197,30	7,96	5,73
196,76	12,16	4,90	198,38	8,02	5,78
197,84	12,12	4,90	199,73	8,10	5,87
198,92	12,08	4,82	200,81	8,14	5,88
200,00	12,15	4,90	202,16	8,18	5,95
201,08	12,18	4,91	203,24	8,04	5,83
202,16	12,26	4,96	204,32	8,08	5,87
203,24	12,19	4,91	205,41	8,08	5,87
204,32	12,33	5,03	206,49	8,04	5,87
205,41	12,30	4,96	207,57	8,05	5,88
206,49	12,27	4,99	208,65	8,13	5,92
207,57	12,25	4,95	210,00	8,13	5,92
208,65	12,24	4,99	211,35	8,18	5,95
209,73	12,22	4,93	212,43	8,19	5,97
210,81	12,26	4,96	213,51	8,13	5,94
211,89	12,19	4,92	214,60	8,15	5,95
212,97	12,19	4,91	215,68	8,15	5,92
214,05	12,16	4,87	216,76	8,05	5,87
215,14	12,23	4,96	217,84	8,02	5,87
216,22	12,25	4,98	219,19	8,07	5,92
217,30	12,34	5,06	220,27	8,17	6,01
218,38	12,25	4,99	221,35	8,23	6,06
219,46	12,33	5,01	222,43	8,21	6,06
220,54	12,27	4,99	223,51	8,17	6,04
221,62	12,26	4,98	224,87	8,26	6,11
222,70	12,30	4,99	225,95	8,30	6,12
223,78	12,34	5,08	227,03	8,41	6,17
224,87	12,38	5,12	228,38	8,26	6,07
225,95	12,33	5,08	229,46	8,21	6,05
227,03	12,36	5,10	230,81	8,26	6,06
228,11	12,34	5,07	231,89	8,27	6,08
229,19	12,38	5,12	232,97	8,17	6,02
230,27	12,34	5,11	234,05	8,15	6,00
231,35	12,34	5,11	235,14	8,18	6,04
232,70	12,34	5,11	236,22	8,29	6,13
233,78	12,41	5,17	237,30	8,29	6,12
234,87	12,43	5,17	238,38	8,25	6,14
235,95	12,52	5,24	239,46	8,33	6,21
237,30	12,46	5,20	240,54	8,42	6,24
238,65	12,48	5,18	241,62	8,40	6,25
239,73	12,53	5,21	242,70	8,40	6,25
240,81	12,51	5,17	243,78	8,42	6,28
241,89	12,61	5,24	244,87	8,35	6,23
242,97	12,54	5,18	245,95	8,37	6,26
244,32	12,52	5,19	247,03	8,34	6,23
245,41	12,53	5,23	248,11	8,30	6,21
246,49	12,63	5,25	249,46	8,43	6,29
247,57	12,67	5,24	250,54	8,37	6,23
248,65	12,61	5,23	251,62	8,40	6,25
249,73	12,54	5,18	252,70	8,27	6,19
250,81	12,60	5,19	253,78	8,35	6,23
251,89	12,63	5,20	254,87	8,33	6,22
252,97	12,65	5,22	255,95	8,41	6,27
254,05	12,65	5,20	257,03	8,40	6,29
255,41	12,65	5,23	258,65	8,53	6,40
256,49	12,65	5,29	260,00	8,59	6,45
257,84	12,62	5,26	261,08	8,72	6,54
258,92	12,62	5,26	262,16	8,79	6,60
260,00	12,72	5,34	263,24	8,68	6,58
261,08	12,70	5,31	264,32	8,76	6,61
262,43	12,79	5,38	265,41	8,83	6,62
263,51	12,73	5,42	266,49	8,81	6,63
264,59	12,74	5,40	267,57	8,72	6,61
265,95	12,82	5,47	268,65	8,76	6,63
267,03	12,80	5,43	270,00	8,77	6,67
268,11	12,76	5,42	271,08	8,85	6,70
269,19	12,74	5,38	272,16	8,91	6,76
270,27	12,82	5,41	273,24	8,84	6,70
271,35	12,82	5,44	274,32	8,99	6,82
272,43	12,91	5,53	275,41	8,97	6,82
273,51	12,85	5,49	276,49	8,98	6,82
274,87	12,76	5,40	277,57	9,03	6,83
275,95	12,77	5,40	278,65	9,06	6,86
277,30	12,77	5,41	279,73	9,01	6,84
278,38	12,73	5,41	281,08	9,06	6,84
279,46	12,80	5,45	282,16	8,91	6,74
280,54	12,74	5,40	283,24	8,95	6,77
281,62	12,77	5,41	284,32	9,01	6,87
282,70	12,92	5,54	285,41	8,98	6,82
283,78	12,95	5,56	286,49	9,01	6,83
284,87	12,93	5,56	287,57	8,97	6,83
285,95	12,92	5,55	288,65	9,00	6,86
287,30	12,90	5,55	289,73	8,98	6,83
288,38	12,92	5,58	290,81	9,05	6,88
289,73	12,90	5,56	291,89	9,07	6,90
291,08	12,94	5,59	292,97	8,99	6,83
292,16	12,89	5,57	294,05	9,01	6,85
293,24	12,90	5,56	295,14	9,08	6,90
294,59	12,85	5,53	296,22	9,09	6,92
295,68	12,90	5,59	297,30	9,13	6,94
296,76	12,87	5,60	298,38	8,96	6,84
297,84	12,89	5,60	299,46	8,98	6,82
298,92	12,90	5,58	300,81	9,05	6,91
300,00	12,86	5,55	301,89	9,05	6,94
301,35	12,91	5,61	302,97	9,05	6,93
302,43	12,94	5,61	304,05	9,12	6,99
303,51	12,90	5,59	305,14	9,23	7,08
304,59	12,87	5,51	306,22	9,23	7,09
305,68	12,87	5,54	307,57	9,08	6,99
306,76	12,91	5,56	308,65	9,15	7,01
307,84	12,93	5,58	309,73	9,11	7,01
308,92	12,89	5,56	310,81	9,21	7,10
310,00	12,84	5,51	311,89	9,22	7,09
311,08	12,91	5,53	312,97	9,11	7,05
312,43	12,87	5,54	314,05	9,13	7,05
313,51	12,82	5,52	315,14	9,08	6,98
314,59	12,89	5,55	316,22	9,16	7,01
315,68	12,86	5,49	317,30	9,17	7,03
316,76	12,86	5,53	318,65	9,08	6,99
317,84	12,90	5,51	319,73	9,14	7,00
318,92	13,02	5,61	320,81	9,09	6,97
320,00	13,02	5,62	321,89	9,13	7,02
321,08	13,00	5,58	322,97	9,19	7,01
322,16	13,06	5,59	324,05	9,43	7,30
323,24	13,04	5,59	325,14	9,49	7,33
324,32	13,11	5,69	326,22	9,43	7,32
325,41	13,10	5,63	327,57	9,40	7,32
326,76	13,10	5,64	328,65	9,43	7,32
327,84	13,15	5,67	329,73	9,39	7,31
328,92	13,12	5,65	330,81	9,39	7,28
330,00	13,14	5,65	332,16	9,33	7,21
331,08	13,07	5,61	333,24	9,29	7,19
332,16	13,14	5,64	334,32	9,36	7,18
333,24	13,20	5,69	335,41	9,39	7,21
334,59	13,12	5,66	336,49	9,36	7,20
335,95	13,19	5,70	337,57	9,32	7,15
337,03	13,15	5,70	338,65	9,30	7,19
338,11	13,11	5,69	339,73	9,29	7,16
339,46	13,13	5,71	340,81	9,38	7,27
340,54	13,19	5,69	341,89	9,45	7,29
341,62	13,06	5,64	343,24	9,37	7,23
342,70	13,04	5,64	344,32	9,46	7,30
343,78	13,07	5,66	345,41	9,46	7,31
344,87	13,03	5,61	346,76	9,43	7,30
345,95	13,03	5,64	347,84	9,39	7,24
347,03	13,07	5,65	348,92	9,38	7,27
348,11	13,05	5,65	350,00	9,41	7,30
349,19	13,05	5,61	351,08	9,43	7,30
350,27	12,95	5,55	352,16	9,43	7,30
351,35	13,05	5,58	354,05	9,28	7,22
352,43	13,02	5,59	355,14	9,32	7,25
353,78	13,01	5,57	356,22	9,39	7,31
354,87	12,95	5,52	357,30	9,37	7,30
355,95	12,96	5,53	358,38	9,37	7,33
357,03	13,03	5,55	359,46	9,44	7,37
358,11	13,07	5,58	360,54	9,49	7,40
359,19	13,06	5,61	361,89	9,47	7,39
360,27	13,11	5,66	362,97	9,40	7,33
361,35	13,07	5,66	364,05	9,48	7,41
362,43	13,12	5,67	365,14	9,53	7,43
363,51	13,07	5,66	366,22	9,55	7,44
364,59	13,02	5,64	367,30	9,52	7,42
365,68	12,97	5,59	368,38	9,55	7,45
366,76	13,03	5,56	369,73	9,57	7,44
367,84	13,02	5,57	370,81	9,53	7,41
368,92	13,12	5,70	371,89	9,60	7,47
370,00	13,07	5,65	372,97	9,53	7,41
371,08	13,12	5,71	374,05	9,53	7,42
372,16	13,09	5,75	375,14	9,61	7,48
373,24	13,06	5,66	376,22	9,56	7,46
374,32	13,02	5,64	377,30	9,44	7,36
375,41	13,05	5,64	378,38	9,55	7,41
376,49	13,05	5,63	379,46	9,52	7,41
377,57	13,07	5,64	380,54	9,49	7,42
378,65	13,16	5,74	381,62	9,51	7,42
380,00	13,16	5,76	382,70	9,55	7,46
381,08	13,19	5,74	383,78	9,56	7,44
382,16	13,20	5,78	384,87	9,55	7,47
383,24	13,24	5,81	385,95	9,56	7,48
384,59	13,22	5,83	387,03	9,62	7,49
385,68	13,15	5,72	388,11	9,52	7,47
387,03	13,11	5,70	389,19	9,60	7,51
388,38	13,12	5,73	390,27	9,69	7,59
389,73	13,20	5,82	391,35	9,71	7,63
390,81	13,26	5,84	392,43	9,57	7,52
392,16	13,20	5,80	393,51	9,65	7,59
393,24	13,13	5,75	394,60	9,60	7,54
394,32	13,13	5,73	395,68	9,62	7,55
395,41	13,12	5,73	396,76	9,61	7,55
396,49	13,13	5,72	397,84	9,55	7,49
397,57	13,15	5,77	398,92	9,55	7,49
398,65	13,17	5,82	400,00	9,60	7,51
399,73	13,30	5,91	401,35	9,59	7,50
400,81	13,24	5,85	402,70	9,59	7,52
401,89	13,23	5,84	403,78	9,57	7,54
402,97	13,23	5,82	404,87	9,64	7,57
404,05	13,19	5,81	406,22	9,64	7,55
405,14	13,17	5,75	407,30	9,65	7,56
406,22	13,19	5,78	408,38	9,54	7,47
407,30	13,12	5,74	409,46	9,54	7,50
408,38	13,16	5,79	410,54	9,60	7,58
409,46	13,20	5,82	411,62	9,55	7,56
410,54	13,23	5,81	412,70	9,55	7,55
411,62	13,12	5,77	414,05	9,54	7,48
412,70	13,15	5,77	415,14	9,59	7,56
414,05	13,17	5,76	416,22	9,56	7,53
415,14	13,25	5,83	417,30	9,54	7,53
416,49	13,23	5,83	418,65	9,53	7,52
417,57	13,35	5,98	419,73	9,56	7,55
418,65	13,35	5,98	420,81	9,59	7,55
419,73	13,42	6,03	421,89	9,61	7,51
420,81	13,40	6,02	422,97	9,55	7,50
421,89	13,37	5,98	424,05	9,49	7,50
422,97	13,43	5,99	425,14	9,53	7,54
424,05	13,34	5,95	426,22	9,54	7,54
425,14	13,33	5,97	427,30	9,61	7,56
426,22	13,35	5,98	428,38	9,54	7,54
427,30	13,29	5,94	429,46	9,71	7,67
428,38	13,33	5,95	430,54	9,82	7,82
429,46	13,22	5,90	431,62	9,81	7,78
430,54	13,24	5,91	432,70	9,71	7,76
431,62	13,27	5,95	434,05	9,77	7,78
432,70	13,29	5,93	435,14	9,71	7,69
433,78	13,30	5,97	436,22	9,73	7,70
435,14	13,41	6,03	437,30	9,69	7,67
436,22	13,33	5,99	438,38	9,57	7,59
437,57	13,37	6,02	439,46	9,68	7,68
438,65	13,30	5,97	440,54	9,69	7,68
439,73	13,31	5,99	441,62	9,72	7,67
440,81	13,24	5,93	442,70	9,67	7,64
441,89	13,29	5,96	443,78	9,69	7,69
443,24	13,30	5,99	444,87	9,69	7,67
444,32	13,30	5,99	445,95	9,64	7,64
445,41	13,25	5,96	447,03	9,61	7,58
446,76	13,22	5,92	448,11	9,60	7,60
447,84	13,27	5,98	449,46	9,73	7,68
448,92	13,32	6,01	450,54	9,73	7,72
450,27	13,23	5,96	451,62	9,78	7,73
451,35	13,24	5,97	452,70	9,72	7,69
452,43	13,23	5,96	453,78	9,69	7,66
453,51	13,23	5,98	454,87	9,69	7,66
454,59	13,29	5,99	455,95	9,69	7,65
455,68	13,31	6,02	457,03	9,62	7,61
457,03	13,33	6,03	458,11	9,64	7,65
458,11	13,33	5,98	459,19	9,71	7,67
459,19	13,30	5,95	460,54	9,75	7,68
460,54	13,33	5,95	461,62	9,87	7,84
461,89	13,32	5,94	462,70	9,75	7,74
462,97	13,43	6,07	464,87	9,72	7,74
464,05	13,47	6,11	465,95	9,70	7,70
465,14	13,47	6,14	467,30	9,72	7,73
466,22	13,44	6,06	468,38	9,76	7,79
467,30	13,43	6,03	469,46	9,76	7,79
468,65	13,49	6,08	470,54	9,85	7,83
470,00	13,52	6,16	471,62	9,89	7,87
471,08	13,45	6,09	472,70	9,88	7,89
472,16	13,50	6,17	473,78	9,90	7,88
473,24	13,52	6,19	475,14	9,92	7,88
474,32	13,54	6,18	476,22	9,93	7,87
475,41	13,55	6,19	477,30	10,01	7,94
476,49	13,47	6,06	478,38	9,86	7,84
477,84	13,45	6,06	479,46	9,85	7,85
478,92	13,49	6,07	480,54	9,92	7,84
480,00	13,49	6,07	481,62	9,85	7,82
481,08	13,41	6,03	482,70	9,79	7,82
482,16	13,44	6,06	483,78	9,89	7,88
483,24	13,43	6,02	484,87	10,04	8,00
484,59	13,47	6,05	485,95	9,97	7,96
485,68	13,43	6,02	487,03	9,95	7,93
486,76	13,43	5,98	488,11	9,94	7,92
487,84	13,40	5,96	489,19	10,04	8,01
488,92	13,40	5,97	490,27	9,89	7,88
490,00	13,52	6,06	491,35	9,96	7,93
491,08	13,49	6,07	492,43	9,86	7,82
492,16	13,47	6,04	493,51	9,85	7,82
493,24	13,51	6,06	494,60	9,90	7,87
494,32	13,47	6,02	495,68	9,95	7,89
495,41	13,54	6,11	496,76	9,89	7,88
496,49	13,49	6,04	497,84	9,86	7,84
497,57	13,54	6,07	498,92	9,86	7,85
498,65	13,53	6,07	500,00	9,90	7,85
499,73	13,55	6,08	501,35	9,87	7,87
500,81	13,54	6,08	502,43	9,96	7,93
501,89	13,54	6,09	503,78	9,90	7,89
503,24	13,56	6,10	504,87	9,92	7,90
504,32	13,58	6,12	506,22	9,96	7,97
505,41	13,58	6,10	507,30	9,90	7,93
506,49	13,60	6,10	508,38	9,86	7,89
507,57	13,57	6,11	509,46	9,89	7,90
508,65	13,61	6,13	510,54	9,80	7,82
509,73	13,63	6,13	511,62	9,85	7,87
510,81	13,61	6,15	512,70	9,81	7,81
511,89	13,53	6,08	513,78	9,84	7,85
512,97	13,64	6,11	514,87	9,94	7,96
514,05	13,63	6,10	515,95	9,94	7,95
515,14	13,54	6,06	517,03	9,93	7,95
516,49	13,60	6,13	518,11	9,86	7,91
517,84	13,57	6,09	519,19	9,85	7,92
518,92	13,58	6,06	520,27	9,84	7,89
520,00	13,46	5,96	521,35	9,85	7,89
521,08	13,43	5,94	522,43	9,82	7,85
522,16	13,47	5,95	523,51	9,72	7,80
523,24	13,45	5,97	524,60	9,80	7,87
524,32	13,56	6,05	525,68	9,84	7,87
525,41	13,55	6,04	526,76	9,84	7,90
526,49	13,50	6,01	527,84	9,89	7,94
527,57	13,46	5,99	528,92	9,82	7,90
528,65	13,45	5,98	530,00	9,84	7,90
529,73	13,51	6,05	531,08	9,85	7,91
530,81	13,39	5,94	532,43	9,80	7,87
531,89	13,37	5,92	533,51	9,84	7,89
532,97	13,39	5,95	534,60	9,82	7,85
534,05	13,51	6,07	535,68	9,89	7,87
535,14	13,51	6,07	536,76	9,90	7,89
536,49	13,50	6,06	538,11	9,89	7,92
537,57	13,50	6,07	539,19	9,97	7,97
538,65	13,49	6,06	540,27	9,96	7,97
539,73	13,45	6,04	541,35	10,00	7,99
540,81	13,44	6,01	542,43	9,93	7,96
541,89	13,45	6,00	543,51	9,90	7,91
542,97	13,45	6,00	544,60	10,01	8,00
544,05	13,50	6,05	545,68	10,00	7,99
545,14	13,46	5,99	546,76	9,95	7,98
546,49	13,51	6,07	547,84	10,00	8,03
547,57	13,55	6,09	548,92	9,96	7,99
548,65	13,61	6,11	550,00	10,04	8,04
550,00	13,62	6,14	551,08	10,13	8,08
551,08	13,51	6,08	552,16	10,10	8,07
552,16	13,53	6,08	553,24	10,02	8,05
553,24	13,47	6,08	554,32	10,05	8,09
554,32	13,56	6,12	555,68	10,07	8,10
555,41	13,54	6,12	556,76	10,12	8,11
556,49	13,57	6,11	558,11	10,10	8,12
557,57	13,47	6,06	559,19	10,15	8,16
558,65	13,54	6,12	560,54	10,10	8,10
560,00	13,52	6,10	561,62	10,07	8,06
561,08	13,49	6,05	562,70	9,94	7,98
562,16	13,44	6,02	564,05	9,94	7,97
563,24	13,46	6,07	565,14	10,00	8,03
564,59	13,52	6,14	566,49	10,04	8,03
565,95	13,41	6,01	567,57	10,00	8,03
567,03	13,41	6,02	568,65	10,04	8,07
568,11	13,40	6,04	570,00	10,07	8,09
569,19	13,42	6,10	571,08	10,07	8,09
570,27	13,41	6,00	572,16	10,12	8,11
571,35	13,45	6,03	573,24	10,01	8,03
572,43	13,47	6,09	574,32	10,10	8,11
573,51	13,60	6,21	575,41	10,04	8,07
574,59	13,63	6,30	576,49	10,06	8,04
575,68	13,64	6,27	577,57	10,04	8,04
576,76	13,58	6,19	579,73	10,04	8,04
577,84	13,46	6,08	580,81	10,03	8,03
578,92	13,47	6,06	581,89	10,05	8,05
580,00	13,40	5,97	582,97	9,97	8,02
581,35	13,35	5,96	584,05	10,01	8,04
582,43	13,39	6,00	585,14	10,03	8,06
583,51	13,36	6,02	586,22	10,10	8,11
584,59	13,43	6,01	587,30	10,10	8,10
585,68	13,49	6,01	588,38	10,05	8,06
586,76	13,43	5,99	589,46	10,13	8,12
587,84	13,43	5,95	590,54	10,12	8,13
590,00	13,60	6,13	591,62	10,21	8,19
591,08	13,75	6,15	592,70	10,17	8,15
592,16	13,61	6,12	593,78	10,19	8,19
593,24	13,67	6,15	594,87	10,18	8,16
594,59	13,67	6,18	596,22	10,27	8,19
595,68	13,72	6,22	597,30	10,23	8,18
596,76	13,73	6,22	598,65	10,23	8,22
597,84	13,75	6,23	599,73	10,23	8,24
598,92	13,75	6,18	600,81	10,37	8,35
600,00	13,77	6,20	601,89	10,32	8,30
601,08	13,79	6,24	602,97	10,34	8,30
602,16	13,82	6,23	604,05	10,32	8,35
603,24	13,88	6,28	605,14	10,37	8,39
604,32	13,95	6,35	606,22	10,36	8,36
605,41	13,87	6,33	607,30	10,40	8,38
606,49	13,82	6,28	608,65	10,31	8,29
607,57	13,88	6,37	610,00	10,31	8,31
608,92	13,85	6,37	611,08	10,32	8,30
610,00	13,94	6,46	612,16	10,43	8,36
611,08	13,92	6,45	613,51	10,39	8,35
612,16	13,88	6,40	614,60	10,31	8,29
613,51	13,94	6,46	615,68	10,31	8,28
614,59	13,88	6,42	616,76	10,29	8,27
615,68	13,97	6,46	617,84	10,32	8,28
616,76	13,96	6,48	618,92	10,32	8,30
617,84	13,90	6,43	620,00	10,35	8,31
619,19	13,85	6,42	621,08	10,41	8,39
620,54	13,90	6,42	622,16	10,46	8,39
621,89	13,92	6,48	623,24	10,45	8,37
622,97	13,88	6,41	624,32	10,30	8,25
624,05	13,88	6,45	625,68	10,37	8,30
625,41	13,92	6,45	626,76	10,37	8,26
626,49	13,83	6,41	628,11	10,37	8,30
627,57	13,81	6,32	629,19	10,40	8,32
628,65	13,79	6,33	630,54	10,40	8,33
629,73	13,79	6,32	631,62	10,38	8,30
630,81	13,83	6,34	632,70	10,41	8,34
631,89	13,78	6,30	634,05	10,37	8,31
632,97	13,81	6,34	635,14	10,31	8,26
634,05	13,81	6,33	636,22	10,28	8,20
635,41	13,83	6,36	637,30	10,29	8,21
636,49	13,79	6,31	638,38	10,31	8,21
637,57	13,82	6,32	639,46	10,44	8,37
638,65	13,84	6,35	640,54	10,39	8,31
639,73	13,87	6,38	641,62	10,32	8,28
641,08	13,88	6,41	642,70	10,34	8,29
642,16	13,79	6,32	643,78	10,28	8,24
643,24	13,78	6,30	644,87	10,31	8,29
644,32	13,73	6,31	645,95	10,37	8,32
645,41	13,82	6,37	647,03	10,37	8,33
646,49	13,90	6,42	648,11	10,32	8,30
647,84	13,79	6,30	649,46	10,32	8,27
648,92	13,79	6,27	650,54	10,28	8,27
650,00	13,76	6,24	651,89	10,29	8,25
651,08	13,82	6,32	652,97	10,23	8,20
652,16	13,89	6,34	654,05	10,24	8,23
653,24	13,94	6,37	655,14	10,27	8,23
654,32	13,99	6,44	656,49	10,30	8,23
655,41	13,93	6,38	657,57	10,23	8,18
656,49	13,96	6,39	658,65	10,26	8,24
657,57	13,93	6,39	659,73	10,21	8,24
658,65	14,03	6,45	660,81	10,28	8,30
659,73	14,02	6,54	662,16	10,26	8,27
660,81	13,98	6,46	663,24	10,29	8,29
661,89	13,97	6,45	664,32	10,31	8,32
662,97	13,98	6,48	665,41	10,36	8,34
664,05	13,97	6,43	666,76	10,30	8,32
665,14	13,92	6,35	667,84	10,35	8,37
666,22	13,92	6,39	668,92	10,34	8,36
667,30	13,93	6,37	670,00	10,31	8,36
668,65	13,93	6,37	671,08	10,22	8,29
669,73	13,98	6,45	672,43	10,26	8,30
670,81	13,97	6,45	673,51	10,36	8,37
672,16	14,00	6,46	674,60	10,30	8,33
673,24	13,98	6,46	675,95	10,27	8,27
674,32	13,93	6,45	677,03	10,31	8,31
675,41	13,96	6,42	678,11	10,28	8,27
676,49	13,96	6,42	679,19	10,29	8,25
677,57	13,93	6,40	680,27	10,36	8,30
678,92	13,92	6,40	681,35	10,27	8,24
680,00	13,90	6,43	682,43	10,24	8,22
681,35	13,99	6,48	683,51	10,21	8,19
682,43	14,03	6,51	684,60	10,27	8,28
683,51	14,02	6,51	685,68	10,24	8,25
684,59	13,96	6,49	686,76	10,22	8,24
685,68	13,96	6,47	688,11	10,26	8,27
686,76	13,92	6,38	689,19	10,20	8,20
687,84	13,93	6,41	690,27	10,19	8,19
689,19	13,93	6,44	691,35	10,22	8,22
690,27	13,96	6,49	692,43	10,23	8,25
691,35	13,89	6,44	693,51	10,17	8,18
692,70	13,96	6,49	694,60	10,13	8,19
693,78	13,94	6,45	695,95	10,40	8,44
695,14	13,82	6,40	697,03	10,35	8,40
696,22	13,88	6,46	698,11	10,36	8,39
697,30	13,85	6,44	699,19	10,37	8,40
698,38	13,85	6,42	700,27	10,21	8,26
699,46	13,93	6,50	701,35	10,17	8,23
700,54	13,95	6,53	702,43	10,22	8,24
701,62	13,97	6,56	703,51	10,28	8,28
702,70	13,95	6,53	704,60	10,32	8,33
703,78	13,95	6,55	705,68	10,31	8,31
704,87	13,95	6,52	707,03	10,21	8,24
705,95	13,96	6,53	708,11	10,20	8,26
707,03	14,02	6,58	709,19	10,15	8,17
708,11	13,93	6,50	710,54	10,14	8,23
709,19	13,98	6,54	711,62	10,20	8,26
710,27	14,00	6,54	712,70	10,29	8,31
711,35	14,02	6,56	713,78	10,28	8,32
712,43	14,08	6,58	714,87	10,26	8,31
713,51	14,06	6,57	715,95	10,34	8,36
714,59	14,09	6,64	717,03	10,34	8,34
715,95	14,08	6,59	718,11	10,32	8,35
717,03	14,04	6,57	719,46	10,31	8,36
718,38	14,11	6,62	720,54	10,30	8,34
719,46	14,02	6,53	721,62	10,29	8,35
720,54	14,06	6,55	722,70	10,29	8,33
721,89	14,07	6,54	723,78	10,17	8,26
722,97	13,98	6,46	724,87	10,21	8,27
724,05	13,99	6,45	725,95	10,21	8,28
725,14	13,94	6,46	727,03	10,22	8,28
726,22	13,98	6,46	728,11	10,24	8,31
727,30	13,92	6,41	729,19	10,19	8,25
728,38	13,92	6,37	730,27	10,23	8,29
729,73	13,90	6,37	731,35	10,28	8,33
730,81	13,89	6,38	732,43	10,27	8,33
732,16	13,89	6,37	733,51	10,26	8,31
733,24	13,95	6,45	734,60	10,22	8,28
734,32	13,88	6,39	735,68	10,29	8,32
735,41	13,95	6,43	736,76	10,23	8,27
736,49	13,87	6,36	738,11	10,29	8,34
737,57	13,87	6,37	739,19	10,27	8,34
738,65	13,88	6,40	740,54	10,24	8,31
739,73	13,83	6,41	741,62	10,36	8,41
741,08	13,86	6,40	742,70	10,36	8,39
742,16	13,81	6,42	744,05	10,30	8,36
743,24	13,94	6,52	745,14	10,26	8,32
744,59	13,89	6,44	746,22	10,27	8,32
745,95	13,93	6,48	747,30	10,34	8,36
747,03	13,97	6,51	748,65	10,19	8,26
748,38	13,93	6,50	749,73	10,28	8,34
749,46	14,00	6,53	750,81	10,26	8,33
750,54	13,94	6,50	751,89	10,27	8,35
751,62	13,88	6,46	752,97	10,26	8,33
752,70	13,84	6,39	754,05	10,36	8,40
753,78	13,83	6,41	755,14	10,34	8,37
754,87	13,90	6,48	756,22	10,29	8,35
755,95	13,94	6,54	757,30	10,34	8,38
757,30	13,94	6,52	758,38	10,31	8,36
758,38	13,89	6,48	759,46	10,21	8,29
759,46	13,85	6,47	760,54	10,38	8,44
760,81	13,93	6,48	761,89	10,46	8,48
761,89	13,94	6,47	762,97	10,47	8,52
762,97	13,88	6,43	764,05	10,48	8,55
764,05	13,90	6,42	765,14	10,38	8,44
765,14	13,83	6,38	766,49	10,39	8,45
766,22	13,79	6,34	767,57	10,41	8,46
767,30	13,83	6,35	768,92	10,30	8,33
768,38	13,87	6,38	770,00	10,40	8,41
769,46	13,88	6,38	771,35	10,41	8,42
770,54	13,86	6,36	772,43	10,41	8,41
771,62	13,89	6,40	773,51	10,36	8,39
772,70	13,83	6,36	774,87	10,39	8,40
774,05	13,95	6,42	775,95	10,32	8,34
775,14	13,93	6,41	777,03	10,36	8,35
776,49	13,84	6,32	778,11	10,40	8,38
777,57	14,02	6,53	779,46	10,35	8,32
778,65	13,99	6,58	780,81	10,46	8,43
779,73	13,95	6,46	781,89	10,43	8,38
780,81	13,96	6,49	783,24	10,41	8,35
781,89	13,96	6,46	784,32	10,44	8,38
782,97	13,90	6,43	785,41	10,44	8,35
784,05	13,90	6,38	786,76	10,36	8,32
785,41	13,67	6,18	787,84	10,36	8,31
786,49	13,76	6,23	788,92	10,47	8,42
787,57	13,77	6,27	790,00	10,45	8,41
788,65	13,78	6,27	791,08	10,47	8,43
789,73	13,83	6,28	792,16	10,47	8,41
790,81	13,83	6,27	793,24	10,41	8,37
791,89	13,76	6,28	794,32	10,41	8,36
792,97	13,71	6,21	795,41	10,29	8,25
794,05	13,74	6,24	796,49	10,30	8,28
795,14	13,71	6,22	797,57	10,37	8,32
796,22	13,71	6,24	798,65	10,38	8,35
797,30	13,65	6,20	800,00	10,39	8,38
798,65	13,76	6,30	801,08	10,38	8,37
799,73	13,78	6,28	802,16	10,31	8,33
801,08	13,85	6,31	803,24	10,39	8,38
802,16	13,98	6,40	804,32	10,34	8,36
803,24	13,88	6,34	805,41	10,32	8,35
804,32	13,90	6,29	806,49	10,30	8,33
805,41	13,81	6,29	807,57	10,30	8,35
806,49	13,79	6,29	808,65	10,28	8,32
807,84	13,82	6,36	809,73	10,24	8,30
809,19	13,77	6,33	810,81	10,28	8,33
810,27	13,85	6,39	811,89	10,24	8,30
811,35	13,77	6,36	812,97	10,22	8,29
812,70	13,83	6,36	814,05	10,27	8,29
813,78	13,85	6,38	815,14	10,31	8,35
814,87	13,73	6,31	816,22	10,31	8,33
815,95	13,82	6,38	817,30	10,32	8,35
817,03	13,75	6,33	818,38	10,29	8,32
818,11	13,75	6,33	819,46	10,28	8,35
819,19	13,74	6,35	820,54	10,38	8,40
820,27	13,72	6,33	821,89	10,34	8,38
821,35	13,72	6,29	822,97	10,31	8,35
822,43	13,77	6,36	824,32	10,37	8,42
823,78	13,79	6,35	825,41	10,41	8,45
824,87	13,71	6,34	826,76	10,46	8,47
825,95	13,70	6,32	827,84	10,41	8,46
827,03	13,74	6,35	828,92	10,39	8,45
828,11	13,75	6,36	830,00	10,43	8,45
829,19	13,77	6,41	831,08	10,39	8,40
830,27	13,77	6,41	832,16	10,37	8,38
831,62	13,67	6,34	833,51	10,36	8,38
832,70	13,75	6,42	834,60	10,34	8,44
833,78	13,79	6,43	835,68	10,37	8,43
834,87	13,81	6,44	836,76	10,37	8,48
835,95	13,76	6,48	838,11	10,41	8,50
837,03	13,74	6,47	839,19	10,38	8,51
838,11	13,68	6,45	840,54	10,43	8,52
839,19	13,75	6,48	841,62	10,40	8,51
840,27	13,78	6,47	842,70	10,44	8,51
841,35	13,72	6,41	844,05	10,36	8,46
842,43	13,78	6,44	845,41	10,35	8,42
843,51	13,74	6,45	846,49	10,34	8,39
844,59	13,75	6,48	847,57	10,31	8,38
845,68	13,75	6,48	848,65	10,31	8,40
847,03	13,76	6,48	849,73	10,44	8,51
848,11	13,74	6,44	850,81	10,48	8,50
849,19	13,73	6,40	852,16	10,44	8,48
850,54	13,72	6,36	853,51	10,53	8,53
851,62	13,65	6,36	854,87	10,48	8,47
852,70	13,71	6,38	855,95	10,46	8,45
853,78	13,66	6,38	857,30	10,41	8,44
854,87	13,72	6,37	858,65	10,44	8,48
856,22	13,71	6,38	859,73	10,40	8,42
857,30	13,70	6,39	860,81	10,34	8,39
858,38	13,70	6,35	862,16	10,38	8,38
859,46	13,73	6,40	863,24	10,40	8,40
860,54	13,74	6,41	864,32	10,39	8,38
861,62	13,70	6,37	865,68	10,35	8,34
862,97	13,74	6,40	866,76	10,31	8,32
864,05	13,74	6,40	867,84	10,35	8,36
865,14	13,78	6,41	868,92	10,32	8,32
866,22	13,73	6,38	870,00	10,29	8,29
867,30	13,70	6,32	871,08	10,40	8,39
868,38	13,74	6,34	872,16	10,44	8,42
869,46	13,70	6,30	873,51	10,38	8,40
870,54	13,73	6,32	874,60	10,50	8,47
871,62	13,76	6,37	875,68	10,40	8,43
872,70	13,75	6,34	876,76	10,43	8,42
873,78	13,77	6,40	877,84	10,37	8,38
874,87	13,73	6,34	878,92	10,44	8,44
875,95	13,79	6,45	880,00	10,43	8,45
877,03	13,81	6,44	881,08	10,52	8,54
878,11	13,83	6,45	882,16	10,49	8,51
879,19	13,79	6,44	883,24	10,53	8,52
880,27	13,82	6,47	884,32	10,53	8,55
881,35	13,84	6,46	885,41	10,54	8,57
882,43	13,79	6,42	886,76	10,54	8,55
883,78	13,86	6,47	887,84	10,58	8,60
884,87	13,82	6,44	889,19	10,57	8,58
885,95	13,86	6,48	890,27	10,53	8,54
887,03	13,87	6,45	891,35	10,57	8,60
888,11	13,87	6,49	892,43	10,58	8,60
889,46	13,84	6,40	893,51	10,61	8,60
890,54	13,88	6,46	894,60	10,50	8,51
891,62	13,85	6,46	895,68	10,56	8,55
892,70	13,86	6,45	896,76	10,47	8,49
893,78	13,89	6,46	898,11	10,52	8,52
895,14	13,85	6,48	899,19	10,49	8,50
896,49	13,89	6,47	900,27	10,50	8,51
897,57	13,94	6,52	901,35	10,65	8,64
898,65	13,82	6,41	902,70	10,64	8,63
899,73	13,84	6,42	903,78	10,64	8,60
900,81	13,81	6,41	904,87	10,65	8,62
901,89	13,88	6,45	905,95	10,56	8,55
902,97	13,94	6,51	907,03	10,55	8,54
904,05	13,96	6,49	908,11	10,62	8,58
905,14	13,98	6,53	909,19	10,66	8,61
906,22	13,99	6,52	910,54	10,63	8,58
907,30	13,97	6,48	911,62	10,65	8,62
908,38	14,02	6,52	912,97	10,55	8,55
909,46	13,92	6,42	914,05	10,65	8,63
910,54	13,92	6,43	915,14	10,62	8,63
911,89	13,85	6,35	916,22	10,54	8,55
912,97	13,90	6,41	917,30	10,47	8,51
914,05	13,89	6,45	918,38	10,48	8,48
915,14	13,88	6,44	919,46	10,48	8,49
916,22	13,92	6,52	920,54	10,52	8,53
917,30	13,90	6,48	921,62	10,55	8,55
918,38	13,97	6,52	922,70	10,55	8,51
919,46	13,96	6,49	923,78	10,55	8,55
920,81	13,93	6,51	924,87	10,56	8,56
921,89	14,03	6,55	925,95	10,60	8,59
922,97	13,93	6,49	927,03	10,54	8,58
924,32	13,89	6,43	928,11	10,62	8,61
925,41	13,88	6,46	929,46	10,53	8,51
926,76	13,84	6,41	930,54	10,50	8,52
927,84	13,78	6,39	931,89	10,54	8,49
928,92	13,81	6,41	932,97	10,56	8,53
930,00	13,76	6,33	934,05	10,54	8,53
931,08	13,82	6,35	935,14	10,60	8,63
932,16	13,77	6,39	936,22	10,60	8,62
933,24	13,83	6,41	937,30	10,61	8,60
934,32	13,90	6,49	938,65	10,61	8,59
935,41	13,92	6,47	939,73	10,58	8,59
936,49	13,89	6,48	940,81	10,58	8,62
937,57	13,81	6,44	941,89	10,54	8,56
938,65	13,83	6,43	942,97	10,58	8,57
939,73	13,77	6,42	944,05	10,55	8,55
941,08	13,72	6,38	945,14	10,55	8,53
942,43	13,76	6,40	946,22	10,52	8,54
943,51	13,74	6,37	947,30	10,47	8,48
944,59	13,76	6,41	948,38	10,48	8,50
945,95	13,77	6,38	949,46	10,55	8,55
947,03	13,83	6,41	950,54	10,49	8,50
948,11	13,84	6,41	951,62	10,44	8,47
949,19	13,84	6,39	952,70	10,50	8,50
950,27	13,89	6,43	953,78	10,47	8,48
951,35	13,92	6,40	954,87	10,46	8,48
952,43	13,97	6,47	955,95	10,52	8,54
953,51	14,07	6,56	957,03	10,49	8,53
954,59	14,06	6,55	958,11	10,48	8,50
955,95	14,08	6,55	959,19	10,56	8,55
957,03	13,99	6,51	960,27	10,48	8,53
958,11	13,96	6,49	961,35	10,47	8,52
959,19	13,97	6,50	962,43	10,47	8,51
960,27	13,96	6,48	963,51	10,39	8,43
961,35	14,08	6,59	964,60	10,38	8,44
962,43	14,04	6,53	965,95	10,45	8,49
963,78	13,99	6,50	967,03	10,46	8,53
965,14	13,97	6,49	968,11	10,44	8,50
966,22	13,95	6,47	969,19	10,45	8,47
967,30	13,88	6,41	970,27	10,50	8,54
968,65	13,86	6,37	971,35	10,44	8,46
969,73	13,84	6,38	972,43	10,44	8,46
970,81	13,89	6,45	973,51	10,43	8,42
971,89	13,83	6,40	974,60	10,48	8,47
972,97	13,83	6,36	975,68	10,50	8,51
974,05	13,89	6,42	976,76	10,56	8,56
975,14	13,92	6,45	977,84	10,54	8,54
976,22	13,95	6,46	979,19	10,48	8,49
977,57	13,93	6,47	980,27	10,48	8,51
978,65	13,90	6,44	981,35	10,47	8,53
979,73	13,92	6,46	982,70	10,54	8,59
981,08	13,99	6,52	983,78	10,54	8,56
982,16	13,95	6,48	984,87	10,60	8,62
983,24	13,98	6,51	985,95	10,49	8,53
984,59	13,87	6,41	987,03	10,44	8,51
985,68	13,90	6,41	988,11	10,41	8,48
987,03	13,87	6,37	989,19	10,40	8,49
988,11	13,90	6,45	990,27	10,37	8,45
989,19	13,92	6,48	991,35	10,32	8,43
990,27	13,90	6,44	992,43	10,41	8,50
991,35	13,90	6,43	993,51	10,38	8,49
992,43	13,87	6,44	994,60	10,40	8,42
993,51	13,85	6,43	995,68	10,30	8,41
994,59	13,90	6,46	997,03	10,35	8,45
995,68	13,83	6,42	998,11	10,36	8,47
996,76	13,89	6,42	999,19	10,39	8,47
997,84	13,90	6,45	1000,54	10,41	8,51
999,19	13,89	6,43	1001,62	10,46	8,52
1000,27	13,88	6,44	1002,70	10,44	8,51
1001,35	13,92	6,44	1003,78	10,40	8,49
1002,43	13,98	6,50	1004,87	10,44	8,49
1003,51	13,99	6,51	1005,95	10,35	8,44
1004,59	14,03	6,59	1007,30	10,40	8,44
1005,68	14,02	6,58	1008,38	10,37	8,42
1006,76	14,00	6,57	1009,46	10,38	8,43
1007,84	14,02	6,59	1010,54	10,41	8,45
1008,92	13,99	6,61	1012,43	10,49	8,55
1010,00	14,02	6,64	1013,51	10,47	8,54
1011,08	13,97	6,59	1014,60	10,47	8,54
1012,16	14,00	6,58	1015,68	10,49	8,55
1013,24	13,99	6,58	1016,76	10,54	8,59
1014,32	14,00	6,61	1017,84	10,54	8,59
1016,22	13,98	6,58	1019,19	10,80	8,83
1017,30	13,97	6,58	1020,27	10,65	8,73
1018,38	14,02	6,61	1021,35	10,70	8,75
1019,46	13,90	6,56	1022,43	10,67	8,72
1020,54	13,82	6,45	1023,51	10,76	8,78
1021,62	13,89	6,52	1024,87	10,65	8,65
1022,70	13,93	6,55	1025,95	10,69	8,73
1023,78	13,95	6,59	1027,30	10,71	8,73
1024,87	13,89	6,55	1028,38	10,81	8,82
1025,95	13,90	6,58	1029,46	10,83	8,86
1027,03	13,99	6,61	1030,54	10,82	8,84
1028,38	14,04	6,69	1031,89	10,78	8,80
1029,46	13,95	6,68	1032,97	10,78	8,82
1030,54	14,05	6,73	1034,05	10,69	8,73
1031,62	13,98	6,67	1035,14	10,78	8,81
1032,70	13,98	6,67	1036,22	10,81	8,80
1033,78	13,95	6,66	1037,57	10,79	8,80
1035,14	13,95	6,62	1038,65	10,78	8,76
1036,22	13,93	6,62	1040,00	10,83	8,83
1037,30	13,97	6,63	1041,35	10,78	8,79
1038,38	14,03	6,68	1042,43	10,72	8,74
1039,46	14,00	6,67	1043,51	10,78	8,79
1040,54	14,02	6,68	1044,60	10,87	8,86
1041,62	13,93	6,62	1045,95	10,88	8,87
1042,70	14,05	6,73	1047,03	10,83	8,83
1043,78	14,03	6,73	1048,11	10,85	8,87
1044,87	14,03	6,74	1049,19	10,80	8,82
1045,95	14,05	6,76	1050,27	10,83	8,82
1047,03	14,00	6,70	1051,62	10,76	8,74
1048,11	13,95	6,64	1052,70	10,75	8,73
1049,19	13,88	6,62	1053,78	10,79	8,78
1050,54	13,88	6,62	1054,87	10,92	8,92
1051,62	13,89	6,60	1055,95	10,88	8,89
1052,70	14,00	6,65	1057,30	10,91	8,86
1053,78	13,89	6,52	1058,65	10,92	8,88
1054,87	13,96	6,63	1059,73	10,89	8,86
1055,95	13,94	6,60	1060,81	10,95	8,90
1057,03	13,93	6,59	1061,89	10,95	8,91
1058,11	13,93	6,59	1062,97	10,95	8,91
1059,19	13,95	6,58	1064,05	10,91	8,88
1060,27	13,90	6,59	1065,14	10,79	8,77
1061,35	13,95	6,61	1066,22	10,80	8,76
1062,43	13,90	6,57	1067,30	10,79	8,77
1063,51	13,94	6,65	1068,38	10,82	8,82
1064,59	13,90	6,58	1069,46	10,83	8,82
1065,68	13,92	6,63	1070,54	10,75	8,74
1066,76	13,88	6,61	1071,62	10,74	8,74
1067,84	13,90	6,59	1072,70	10,76	8,76
1068,92	13,85	6,58	1074,05	10,79	8,78
1070,00	13,83	6,57	1075,14	10,80	8,82
1071,35	13,85	6,55	1076,22	10,83	8,84
1072,43	13,87	6,55	1077,30	10,82	8,80
1073,78	13,86	6,57	1078,38	10,82	8,83
1074,87	13,85	6,57	1079,46	10,85	8,85
1075,95	13,82	6,50	1080,54	10,82	8,80
1077,03	13,84	6,53	1081,89	10,79	8,80
1078,11	13,89	6,60	1082,97	10,78	8,76
1079,19	13,94	6,63	1084,05	10,75	8,76
1080,27	13,89	6,64	1085,14	10,74	8,77
1081,35	13,96	6,67	1086,22	10,84	8,83
1082,43	13,90	6,63	1087,30	10,85	8,83
1083,51	13,96	6,66	1088,38	10,78	8,78
1084,59	13,98	6,67	1089,46	10,79	8,80
1085,68	14,02	6,69	1090,54	10,81	8,81
1086,76	14,03	6,71	1091,62	10,73	8,76
1088,11	14,04	6,70	1092,70	10,79	8,80
1089,19	13,99	6,65	1093,78	10,79	8,82
1090,27	13,95	6,66	1094,87	10,80	8,85
1091,35	13,92	6,62	1095,95	10,82	8,88
1092,43	13,89	6,58	1097,03	10,84	8,90
1093,51	13,88	6,60	1098,11	10,79	8,88
1094,59	14,00	6,68	1099,19	10,81	8,88
1095,68	14,04	6,73	1100,27	10,75	8,79
1096,76	14,05	6,73	1101,35	10,81	8,81
1097,84	14,09	6,77	1102,43	10,82	8,83
1098,92	13,97	6,63	1103,51	10,79	8,81
1100,27	14,04	6,65	1104,87	10,78	8,79
1101,35	13,98	6,61	1105,95	10,75	8,79
1102,43	14,03	6,63	1107,03	10,72	8,74
1103,51	13,95	6,54	1108,11	10,78	8,76
1104,59	14,04	6,65	1109,19	10,81	8,83
1105,68	14,07	6,68	1110,54	10,82	8,83
1106,76	14,04	6,65	1111,62	10,85	8,89
1107,84	13,99	6,62	1112,70	10,90	8,92
1109,19	13,94	6,59	1114,05	10,89	8,91
1110,27	14,05	6,67	1115,14	10,84	8,86
1111,35	14,03	6,65	1116,22	10,93	8,91
1112,43	13,97	6,61	1117,57	10,90	8,88
1113,51	13,98	6,60	1118,65	10,84	8,83
1114,59	13,95	6,59	1120,00	10,90	8,85
1115,68	14,07	6,64	1121,08	10,74	8,73
1116,76	14,07	6,67	1122,16	10,83	8,82
1117,84	14,09	6,71	1123,24	10,85	8,82
1118,92	14,04	6,63	1124,32	10,80	8,79
1120,00	14,08	6,69	1125,41	10,79	8,78
1121,08	14,08	6,68	1126,49	10,79	8,76
1122,43	14,06	6,66	1127,57	10,87	8,80
1123,78	14,09	6,70	1128,92	10,82	8,79
1125,14	14,00	6,62	1130,00	10,83	8,78
1126,22	14,05	6,68	1131,08	10,87	8,83
1127,57	14,08	6,68	1132,16	10,81	8,82
1128,65	14,05	6,68	1133,24	10,89	8,86
1130,00	14,10	6,71	1134,60	10,83	8,83
1131,08	14,06	6,68	1135,95	10,80	8,77
1132,43	14,07	6,72	1137,03	10,74	8,75
1133,51	14,07	6,71	1138,11	10,76	8,74
1134,59	14,10	6,73	1139,46	10,79	8,79
1135,68	14,05	6,73	1140,54	10,69	8,68
1136,76	14,11	6,71	1141,89	10,67	8,65
1137,84	13,99	6,61	1142,97	10,67	8,67
1138,92	13,95	6,56	1144,05	10,72	8,73
1140,00	14,03	6,62	1145,14	10,80	8,79
1141,35	13,93	6,57	1146,22	10,84	8,81
1142,43	13,96	6,61	1147,30	10,82	8,85
1143,51	13,98	6,64	1148,38	10,82	8,85
1144,59	13,99	6,71	1149,46	10,76	8,81
1145,68	13,99	6,67	1150,54	10,69	8,73
1147,03	14,11	6,71	1151,62	10,65	8,68
1148,11	14,09	6,75	1152,70	10,78	8,76
1149,19	14,08	6,68	1153,78	10,78	8,80
1150,27	13,99	6,65	1154,87	10,75	8,73
1151,35	13,99	6,63	1155,95	10,79	8,82
1152,43	13,98	6,63	1157,03	10,82	8,85
1153,51	13,96	6,65	1158,11	10,81	8,81
1154,59	14,03	6,67	1159,19	10,76	8,80
1155,95	14,05	6,67	1160,27	10,78	8,81
1157,03	14,07	6,70	1161,35	10,81	8,84
1158,38	14,04	6,67	1162,43	10,78	8,84
1159,46	14,02	6,60	1163,51	10,84	8,89
1160,54	13,97	6,62	1164,60	10,85	8,83
1161,62	13,97	6,61	1165,68	10,80	8,79
1162,70	13,98	6,60	1166,76	10,78	8,80
1163,78	14,00	6,64	1168,11	10,80	8,81
1164,87	14,09	6,71	1169,19	10,78	8,81
1165,95	14,13	6,71	1170,27	10,78	8,80
1167,03	14,10	6,72	1171,35	10,84	8,84
1168,11	14,09	6,70	1172,43	10,80	8,80
1169,19	13,99	6,53	1173,78	10,79	8,79
1170,54	14,02	6,56	1175,14	10,88	8,86
1171,62	14,05	6,61	1176,22	10,87	8,85
1172,70	13,97	6,56	1177,30	10,83	8,85
1173,78	13,94	6,53	1178,38	10,89	8,89
1174,87	13,93	6,53	1179,73	10,91	8,92
1175,95	13,95	6,53	1180,81	10,92	8,92
1177,03	13,96	6,52	1181,89	10,93	8,93
1178,11	14,09	6,62	1182,97	10,91	8,89
1179,46	14,08	6,62	1184,05	10,96	8,94
1180,54	14,16	6,72	1185,14	10,97	8,91
1181,62	14,16	6,71	1186,22	10,89	8,88
1182,70	14,15	6,74	1187,30	10,85	8,86
1183,78	14,04	6,64	1188,38	10,87	8,86
1185,14	14,13	6,74	1190,00	10,72	8,73
1186,22	14,04	6,66	1191,08	10,70	8,72
1187,30	14,04	6,65	1192,16	10,66	8,69
1188,38	14,13	6,70	1193,51	10,72	8,76
1189,46	14,14	6,72	1194,60	10,79	8,84
1190,81	14,21	6,76	1195,68	10,78	8,79
1191,89	14,19	6,72	1196,76	10,80	8,81
1192,97	14,18	6,72	1198,11	10,83	8,85
1194,05	14,04	6,58	1199,19	10,87	8,84
1195,14	14,07	6,61	1200,27	10,89	8,89
1196,22	14,06	6,60	1201,35	10,88	8,90
1197,30	14,10	6,60	1202,43	10,93	8,94
1198,38	14,11	6,67	1203,51	10,99	8,97
1199,46	14,14	6,66	1204,87	10,98	8,97
1200,54	14,11	6,67	1205,95	10,99	9,02
1201,62	14,13	6,65	1207,30	10,95	8,94
1202,70	14,09	6,65	1208,38	10,99	8,99
1204,05	14,11	6,64	1209,46	10,97	8,94
1205,41	14,22	6,75	1210,54	10,92	8,90
1206,49	14,17	6,74	1211,62	10,81	8,82
1207,57	14,17	6,75	1212,70	10,90	8,90
1208,65	14,15	6,69	1213,78	10,93	8,89
1210,00	14,05	6,62	1214,87	10,93	8,92
1211,08	14,06	6,59	1215,95	10,87	8,82
1212,16	14,11	6,67	1217,30	10,82	8,81
1213,24	14,13	6,66	1218,38	10,88	8,86
1214,32	14,14	6,66	1219,46	10,85	8,83
1215,41	14,17	6,70	1220,54	10,88	8,84
1216,49	14,17	6,68	1221,62	10,90	8,85
1217,57	14,21	6,68	1222,70	10,82	8,82
1218,65	14,20	6,66	1224,05	10,80	8,78
1219,73	14,30	6,79	1225,14	10,79	8,74
1220,81	14,26	6,76	1226,49	10,97	8,88
1221,89	14,20	6,75	1227,57	10,87	8,84
1222,97	14,15	6,72	1228,65	10,92	8,86
1224,05	14,06	6,66	1230,00	10,89	8,86
1225,14	14,10	6,62	1231,08	10,79	8,74
1226,22	14,06	6,63	1232,16	10,83	8,76
1227,30	14,09	6,65	1233,24	10,85	8,78
1228,38	14,05	6,64	1234,32	10,84	8,79
1229,46	14,07	6,67	1235,41	10,95	8,87
1230,54	14,05	6,69	1236,76	10,83	8,78
1231,62	14,11	6,68	1237,84	10,82	8,78
1232,70	14,10	6,70	1239,19	10,88	8,81
1233,78	14,20	6,80	1240,27	10,81	8,72
1235,14	14,16	6,77	1241,62	10,80	8,76
1236,49	14,18	6,77	1242,70	10,83	8,75
1237,57	14,16	6,75	1244,05	10,83	8,78
1238,65	14,16	6,77	1245,14	10,87	8,83
1239,73	14,20	6,82	1246,22	10,89	8,82
1240,81	14,21	6,80	1247,30	10,87	8,84
1241,89	14,16	6,76	1248,38	10,90	8,88
1242,97	14,14	6,75	1249,46	10,91	8,88
1244,32	14,02	6,69	1250,54	10,81	8,80
1245,41	14,10	6,75	1251,89	10,90	8,87
1246,49	14,08	6,74	1252,97	10,95	8,86
1247,57	14,13	6,77	1254,32	10,96	8,89
1248,65	14,17	6,77	1255,41	10,99	8,96
1249,73	14,04	6,68	1256,49	11,06	9,01
1250,81	14,05	6,68	1257,57	11,04	8,97
1251,89	14,10	6,72	1258,65	11,00	8,94
1252,97	14,07	6,66	1259,73	11,01	8,95
1254,32	14,15	6,78	1260,81	11,02	8,95
1255,41	14,11	6,76	1261,89	10,98	8,94
1256,49	14,09	6,72	1262,97	11,09	8,98
1257,84	14,03	6,66	1264,05	11,07	8,99
1258,92	14,02	6,64	1265,14	11,09	8,98
1260,00	14,03	6,65	1266,22	11,01	8,91
1261,08	14,02	6,60	1267,30	11,01	8,95
1262,16	14,00	6,62	1268,38	11,00	8,93
1263,24	13,98	6,59	1269,46	10,95	8,90
1264,32	14,00	6,60	1270,54	10,91	8,87
1265,41	13,98	6,58	1271,62	10,90	8,85
1266,49	14,04	6,62	1272,70	10,84	8,83
1267,84	14,03	6,64	1273,78	10,88	8,86
1269,19	14,09	6,69	1274,87	10,98	8,94
1270,27	14,14	6,75	1276,22	10,93	8,90
1271,35	14,16	6,77	1277,30	10,96	8,92
1272,70	14,16	6,73	1278,38	10,93	8,89
1274,05	14,11	6,71	1279,46	10,95	8,92
1275,14	14,24	6,80	1280,54	11,01	9,01
1276,22	14,26	6,83	1281,62	10,93	8,94
1277,30	14,28	6,83	1282,97	10,92	8,93
1278,65	14,32	6,89	1284,05	10,92	8,93
1279,73	14,36	6,90	1285,14	10,98	8,98
1280,81	14,29	6,84	1286,49	10,99	8,98
1281,89	14,30	6,83	1287,57	10,99	8,96
1282,97	14,29	6,83	1288,65	11,00	8,96
1284,05	14,22	6,77	1289,73	10,98	8,96
1285,14	14,27	6,80	1291,08	10,99	8,94
1286,22	14,27	6,79	1292,16	10,91	8,87
1287,30	14,32	6,83	1293,51	10,88	8,83
1288,38	14,36	6,88	1294,60	10,97	8,90
1289,46	14,40	6,95	1295,68	10,96	8,91
1290,54	14,38	6,93	1296,76	10,82	8,79
1291,62	14,41	6,96	1297,84	10,88	8,84
1292,70	14,49	6,96	1299,19	10,83	8,80
1293,78	14,33	6,92	1300,27	10,88	8,84
1294,87	14,35	6,92	1301,35	10,95	8,93
1295,95	14,31	6,86	1302,43	10,90	8,93
1297,30	14,27	6,80	1303,51	10,95	8,92
1298,38	14,35	6,90	1304,60	10,96	8,87
1299,46	14,41	6,95	1305,68	10,90	8,82
1300,54	14,36	6,88	1306,76	10,91	8,84
1301,62	14,33	6,86	1307,84	10,96	8,86
1302,70	14,40	6,91	1308,92	10,96	8,90
1303,78	14,38	6,89	1310,00	10,90	8,84
1304,87	14,30	6,86	1311,08	10,89	8,81
1305,95	14,36	6,90	1312,16	10,88	8,83
1307,03	14,36	6,90	1313,24	10,91	8,84
1308,11	14,40	6,95	1314,60	10,99	8,91
1309,19	14,37	6,95	1315,68	10,98	8,95
1310,27	14,39	6,93	1316,76	10,90	8,86
1311,35	14,37	6,94	1317,84	10,88	8,84
1312,70	14,41	6,95	1319,19	10,90	8,84
1314,05	14,40	6,93	1320,27	10,87	8,82
1315,14	14,39	6,92	1321,35	10,93	8,88
1316,49	14,36	6,89	1322,43	10,90	8,85
1317,57	14,41	6,94	1323,51	10,95	8,89
1318,65	14,36	6,85	1324,60	10,96	8,89
1319,73	14,32	6,89	1325,68	10,93	8,88
1320,81	14,40	6,91	1326,76	10,87	8,85
1321,89	14,36	6,93	1327,84	10,80	8,79
1323,24	14,41	6,98	1328,92	10,87	8,84
1324,59	14,37	6,95	1330,00	10,88	8,84
1325,68	14,31	6,88	1331,08	10,82	8,82
1326,76	14,30	6,86	1332,16	10,89	8,85
1327,84	14,29	6,85	1333,24	10,88	8,86
1328,92	14,30	6,84	1334,32	10,89	8,84
1330,00	14,28	6,83	1335,41	10,84	8,84
1331,08	14,19	6,78	1336,49	10,92	8,88
1332,43	14,19	6,78	1337,84	10,85	8,79
1333,51	14,29	6,87	1338,92	10,80	8,74
1334,59	14,29	6,88	1340,00	10,83	8,80
1335,68	14,26	6,87	1341,08	10,85	8,82
1337,03	14,27	6,88	1342,16	10,87	8,83
1338,11	14,25	6,86	1343,24	10,91	8,85
1339,19	14,19	6,81	1344,32	10,92	8,87
1340,27	14,17	6,79	1345,41	10,92	8,89
1341,35	14,08	6,72	1346,49	10,87	8,83
1342,43	14,18	6,77	1347,57	10,93	8,94
1343,51	14,24	6,81	1348,65	10,92	8,91
1344,59	14,21	6,80	1349,73	11,00	8,98
1345,68	14,15	6,75	1350,81	10,88	8,86
1346,76	14,20	6,80	1351,89	10,84	8,83
1347,84	14,27	6,83	1352,97	10,89	8,84
1348,92	14,29	6,84	1354,05	10,91	8,90
1350,00	14,27	6,83	1355,14	10,89	8,91
1351,08	14,26	6,82	1356,22	10,90	8,91
1352,16	14,27	6,86	1357,30	10,88	8,91
1353,24	14,25	6,84	1358,38	10,85	8,88
1354,59	14,18	6,74	1359,46	10,87	8,89
1355,68	14,18	6,76	1360,54	10,91	8,94
1357,03	14,10	6,72	1361,89	10,97	8,98
1358,11	14,19	6,81	1363,24	10,95	8,97
1359,19	14,15	6,81	1364,32	10,93	8,91
1360,27	14,15	6,78	1365,41	10,97	8,97
1361,35	14,14	6,75	1366,49	10,93	8,91
1362,43	14,18	6,80	1367,57	10,92	8,92
1363,78	14,11	6,77	1368,65	10,95	8,93
1364,87	14,16	6,82	1370,00	10,91	8,92
1365,95	14,15	6,81	1371,08	10,99	9,00
1367,30	14,06	6,78	1372,16	11,01	9,02
1368,38	14,17	6,85	1373,24	11,04	9,03
1369,46	14,26	6,91	1374,32	10,97	8,97
1370,54	14,19	6,87	1375,41	10,89	8,91
1371,62	14,19	6,87	1376,49	10,91	8,90
1372,70	14,16	6,84	1377,57	10,83	8,84
1373,78	14,18	6,82	1378,65	10,89	8,91
1374,87	14,16	6,77	1379,73	10,91	8,94
1375,95	14,06	6,69	1381,08	10,79	8,84
1377,03	14,16	6,77	1382,16	10,79	8,82
1378,11	14,26	6,83	1383,24	10,82	8,84
1379,19	14,31	6,91	1384,32	10,80	8,82
1380,27	14,31	6,90	1385,41	10,76	8,81
1381,35	14,39	6,96	1386,49	10,82	8,89
1382,43	14,39	6,95	1388,11	10,75	8,85
1383,51	14,38	6,93	1389,19	10,71	8,84
1384,59	14,38	6,91	1390,27	10,70	8,82
1385,95	14,35	6,90	1391,35	10,66	8,80
1387,03	14,27	6,84	1392,43	10,65	8,77
1388,11	14,26	6,80	1393,51	10,67	8,79
1389,19	14,26	6,82	1394,87	10,65	8,78
1390,27	14,22	6,76	1395,95	10,65	8,78
1391,35	14,27	6,83	1397,03	10,63	8,77
1392,43	14,28	6,84	1398,11	10,74	8,84
1393,51	14,41	6,97	1399,19	10,85	8,88
1394,59	14,40	6,98	1400,27	10,84	8,88
1395,95	14,42	6,99	1401,35	10,82	8,89
1397,03	14,28	6,89	1402,43	10,82	8,84
1398,38	14,30	6,88	1403,51	10,85	8,85
1399,46	14,29	6,87	1404,60	10,83	8,83
1400,54	14,36	6,89	1405,68	10,88	8,82
1401,62	14,35	6,89	1406,76	10,79	8,81
1402,70	14,42	6,95	1407,84	10,76	8,78
1403,78	14,33	6,89	1408,92	10,81	8,84
1404,87	14,40	6,90	1410,00	10,93	8,91
1405,95	14,36	6,91	1411,08	10,89	8,86
1407,03	14,35	6,90	1412,16	10,92	8,89
1408,11	14,36	6,97	1413,24	10,82	8,84
1409,19	14,36	6,96	1414,32	10,78	8,82
1410,54	14,28	6,94	1415,41	10,81	8,83
1411,62	14,30	6,96	1416,49	10,74	8,83
1412,70	14,36	6,95	1417,84	10,70	8,82
1413,78	14,28	6,94	1418,92	10,75	8,85
1414,87	14,29	6,90	1420,00	10,74	8,81
1415,95	14,18	6,85	1421,08	10,76	8,82
1417,03	14,27	6,90	1422,43	10,79	8,86
1418,38	14,24	6,89	1423,78	10,78	8,84
1419,46	14,24	6,90	1424,87	10,78	8,82
1420,54	14,26	6,87	1425,95	10,76	8,80
1421,62	14,16	6,81	1427,03	10,87	8,92
1422,97	14,21	6,84	1428,11	10,83	8,88
1424,32	14,20	6,81	1429,19	10,80	8,86
1425,41	14,21	6,81	1430,27	10,79	8,87
1426,49	14,16	6,77	1431,35	10,72	8,81
1427,57	14,17	6,79	1432,43	10,75	8,84
1428,65	14,20	6,84	1433,51	10,75	8,82
1429,73	14,24	6,86	1434,87	10,72	8,84
1430,81	14,21	6,85	1435,95	10,70	8,82
1431,89	14,21	6,87	1437,30	10,73	8,84
1432,97	14,27	6,90	1438,38	10,76	8,85
1434,05	14,27	6,93	1439,73	10,91	8,91
1435,14	14,29	6,94	1440,81	10,84	8,87
1436,22	14,32	6,96	1442,16	10,73	8,79
1437,30	14,25	6,88	1443,24	10,79	8,86
1438,38	14,26	6,86	1444,32	10,78	8,84
1439,46	14,20	6,83	1445,41	10,75	8,83
1440,54	14,20	6,84	1446,49	10,72	8,80
1441,62	14,27	6,89	1447,57	10,70	8,79
1442,70	14,22	6,88	1448,65	10,75	8,81
1443,78	14,30	6,96	1450,00	10,82	8,88
1444,87	14,39	7,05	1451,08	10,75	8,82
1445,95	14,33	7,00	1452,16	10,79	8,86
1447,03	14,37	7,05	1453,24	10,82	8,90
1448,11	14,38	7,00	1454,32	10,76	8,84
1449,19	14,39	7,03	1455,41	10,83	8,94
1450,54	14,38	7,02	1456,49	10,80	8,91
1451,62	14,36	6,99	1457,57	10,82	8,92
1452,70	14,32	6,97	1458,65	10,83	8,92
1454,05	14,30	6,98	1459,73	10,72	8,86
1455,14	14,39	7,02	1460,81	10,73	8,86
1456,22	14,26	6,97	1461,89	10,70	8,83
1457,30	14,22	6,88	1462,97	10,66	8,84
1458,38	14,24	6,87	1464,05	10,71	8,85
1459,73	14,26	6,90	1465,14	10,71	8,88
1461,08	14,28	6,93	1466,22	10,75	8,93
1462,16	14,21	6,88	1467,30	10,73	8,88
1463,24	14,26	6,89	1468,38	10,65	8,82
1464,32	14,29	6,96	1469,46	10,75	8,88
1465,41	14,25	6,91	1470,54	10,80	8,91
1466,76	14,27	6,90	1471,89	10,78	8,91
1467,84	14,26	6,94	1472,97	10,89	9,01
1468,92	14,28	6,92	1474,32	10,66	8,83
1470,00	14,22	6,86	1475,41	10,65	8,81
1471,35	14,29	6,93	1476,49	10,74	8,88
1472,43	14,19	6,85	1477,84	10,76	8,90
1473,78	14,16	6,82	1478,92	10,79	8,93
1475,14	14,19	6,85	1480,00	10,78	8,93
1476,22	14,17	6,86	1481,08	10,85	8,94
1477,30	14,18	6,86	1482,16	10,80	8,89
1478,38	14,16	6,82	1483,24	10,89	8,94
1479,46	14,17	6,82	1484,32	10,87	8,90
1480,54	14,08	6,79	1485,41	10,87	8,94
1481,62	14,08	6,80	1486,49	10,83	8,91
1482,70	14,19	6,84	1487,57	10,80	8,87
1483,78	14,18	6,87	1488,92	10,81	8,91
1484,87	14,21	6,93	1490,00	10,82	8,93
1485,95	14,19	6,88	1491,08	10,83	8,93
1487,03	14,11	6,87	1492,16	10,85	8,96
1488,11	14,14	6,89	1493,24	10,91	9,01
1489,19	14,15	6,93	1494,32	10,87	8,97
1490,27	14,17	6,90	1495,41	10,87	8,97
1491,35	14,24	6,93	1496,49	10,90	8,96
1492,70	14,24	6,98	1497,57	10,95	9,00
1493,78	14,24	6,99	1498,65	11,01	9,01
1494,87	14,29	7,01	1499,73	11,02	9,02
1495,95	14,27	7,02	1500,81	10,95	8,95
1497,03	14,28	7,05	1501,89	10,95	8,99
1498,11	14,21	7,00	1502,97	10,90	8,95
1499,19	14,14	6,93	1504,05	10,95	8,99
1500,27	14,24	7,01	1505,41	11,02	9,03
1501,35	14,25	7,01	1506,49	10,95	8,97
1502,43	14,24	6,98	1507,57	10,95	8,98
1503,78	14,13	6,90	1508,65	10,93	9,01
1504,87	14,19	6,98	1509,73	10,93	9,03
1505,95	14,18	6,99	1510,81	11,05	9,10
1507,30	14,09	6,89	1511,89	10,97	9,05
1508,38	14,10	6,88	1512,97	10,91	9,01
1509,73	14,17	6,92	1514,05	10,88	8,98
1511,08	14,22	6,95	1515,41	10,81	8,91
1512,16	14,19	6,93	1516,49	10,85	8,92
1513,24	14,11	6,88	1517,84	10,84	8,92
1514,32	14,19	6,91	1518,92	10,93	8,96
1515,41	14,16	6,91	1520,00	10,92	8,96
1516,49	14,16	6,89	1521,08	10,96	8,97
1517,57	14,07	6,79	1522,16	10,95	8,95
1518,65	14,07	6,77	1523,24	10,96	9,00
1519,73	14,09	6,80	1524,32	11,04	9,01
1520,81	14,13	6,83	1525,41	10,93	8,94
1521,89	14,15	6,86	1526,49	10,93	8,93
1522,97	14,18	6,90	1527,84	10,87	8,90
1524,05	14,20	6,90	1528,92	10,92	8,89
1525,14	14,16	6,87	1530,00	11,04	8,96
1526,22	14,21	6,87	1531,35	11,11	9,00
1527,30	14,16	6,85	1532,43	11,00	8,92
1528,38	14,18	6,87	1533,51	11,01	8,87
1529,46	14,17	6,87	1534,60	10,95	8,82
1530,54	14,16	6,86	1535,68	10,95	8,81
1531,62	14,18	6,88	1536,76	10,91	8,78
1532,97	14,21	6,92	1537,84	10,96	8,79
1534,05	14,24	6,92	1538,92	10,90	8,85
1535,14	14,20	6,91	1540,00	10,91	8,89
1536,49	14,20	6,92	1541,08	10,90	8,84
1537,57	14,21	6,91	1542,16	10,87	8,81
1538,65	14,26	6,98	1543,51	10,96	8,84
1539,73	14,31	7,01	1544,60	11,02	8,95
1541,08	14,27	6,99	1545,68	11,07	8,97
1542,16	14,21	6,94	1546,76	11,01	8,97
1543,24	14,29	6,99	1548,11	11,11	9,04
1544,32	14,21	6,95	1549,19	11,06	9,05
1545,41	14,25	6,96	1550,54	10,95	8,87
1546,49	14,22	6,92	1551,62	10,88	8,85
1547,57	14,21	6,93	1552,70	10,85	8,85
1548,65	14,27	6,95	1553,78	10,73	8,79
1550,00	14,19	6,88	1554,87	10,73	8,82
1551,08	14,17	6,88	1555,95	10,76	8,81
1552,16	14,27	6,90	1557,30	10,83	8,89
1553,24	14,24	6,89	1558,38	10,81	8,88
1554,32	14,31	6,99	1559,46	10,84	8,91
1555,41	14,25	6,95	1560,81	10,84	8,91
1556,49	14,30	7,01	1561,89	10,80	8,85
1557,57	14,24	6,92	1563,24	10,80	8,86
1558,65	14,22	6,92	1564,32	10,80	8,88
1559,73	14,15	6,88	1565,41	10,74	8,82
1560,81	14,15	6,91	1566,76	10,82	8,87
1561,89	14,10	6,83	1567,84	10,73	8,79
1562,97	14,09	6,87	1569,19	10,81	8,86
1564,05	14,11	6,84	1570,27	10,66	8,78
1565,14	14,15	6,84	1571,35	10,80	8,90
1566,49	14,16	6,86	1572,43	10,81	8,89
1568,38	13,98	6,66	1573,51	10,78	8,89
1569,46	14,05	6,68	1574,60	10,81	8,94
1570,54	14,07	6,75	1575,68	10,84	8,97
1571,89	14,04	6,73	1576,76	10,81	8,97
1572,97	14,09	6,77	1577,84	10,82	8,98
1574,05	14,08	6,76	1578,92	10,79	8,94
1575,14	14,08	6,79	1580,00	10,78	8,93
1576,49	14,08	6,76	1581,08	10,81	8,94
1577,57	14,09	6,80	1582,16	10,89	9,00
1578,65	14,06	6,73	1583,24	10,81	8,96
1579,73	14,00	6,74	1584,32	10,76	8,94
1580,81	13,99	6,70	1585,41	10,85	9,02
1581,89	14,07	6,74	1586,49	10,84	9,01
1583,24	14,02	6,70	1587,57	10,78	8,94
1584,32	14,14	6,81	1588,65	10,73	8,93
1585,68	14,13	6,81	1590,00	10,75	8,88
1586,76	14,07	6,78	1591,08	10,73	8,88
1587,84	14,09	6,77	1592,16	10,70	8,86
1588,92	14,09	6,79	1593,24	10,75	8,87
1590,00	14,10	6,79	1594,32	10,73	8,86
1591,08	14,06	6,75	1595,68	10,70	8,84
1592,43	14,13	6,79	1596,76	10,70	8,87
1593,51	14,03	6,71	1598,11	10,74	8,86
1594,59	14,06	6,77	1599,19	10,71	8,85
1595,68	14,14	6,85	1600,27	10,78	8,89
1596,76	14,06	6,80	1601,35	10,65	8,81
1597,84	14,06	6,80	1602,70	10,71	8,85
1599,19	14,06	6,74	1603,78	10,69	8,84
1600,27	14,07	6,78	1605,14	10,76	8,92
1601,35	14,09	6,79	1606,22	10,76	8,93
1602,43	14,10	6,80	1607,30	10,84	8,95
1603,51	14,15	6,85	1608,38	10,89	8,97
1604,59	14,15	6,81	1609,46	10,85	8,94
1605,68	14,09	6,78	1610,54	10,73	8,86
1606,76	14,07	6,77	1611,62	10,73	8,89
1607,84	14,05	6,76	1612,70	10,80	8,89
1608,92	14,17	6,88	1613,78	10,88	8,98
1610,00	14,13	6,84	1614,87	10,93	9,03
1611,08	14,09	6,85	1615,95	10,91	9,00
1612,16	14,11	6,85	1617,30	10,90	8,99
1613,24	14,10	6,85	1618,38	10,85	8,92
1614,32	14,13	6,83	1619,46	10,85	8,97
1615,68	14,10	6,82	1620,54	10,87	8,98
1616,76	14,11	6,81	1621,89	10,82	8,93
1617,84	14,08	6,81	1622,97	10,82	8,92
1618,92	13,97	6,70	1624,05	10,79	8,93
1620,00	13,99	6,69	1626,22	10,82	8,95
1621,08	14,02	6,71	1627,30	10,84	8,99
1622,16	14,05	6,77	1628,38	10,84	9,01
1623,24	14,25	6,96	1629,46	10,82	9,00
1624,32	14,22	6,96	1630,54	10,83	9,01
1625,41	14,28	6,95	1631,62	10,85	8,99
1626,49	14,22	6,92	1632,70	10,80	8,98
1627,57	14,22	6,95	1633,78	10,87	9,02
1628,65	14,18	6,91	1634,87	10,80	9,01
1629,73	14,16	6,83	1635,95	10,97	9,15
1630,81	14,15	6,84	1637,30	10,91	9,12
1631,89	14,13	6,80	1638,38	10,95	9,11
1632,97	14,10	6,81	1639,46	10,76	8,96
1634,05	14,10	6,83	1640,54	10,74	8,93
1635,14	14,14	6,84	1641,89	10,78	8,95
1636,22	14,08	6,78	1643,24	10,83	9,00
1637,30	14,17	6,83	1644,32	10,78	8,93
1638,38	14,21	6,89	1645,41	10,90	9,04
1639,46	14,16	6,88	1646,49	10,93	9,06
1640,54	14,11	6,85	1647,57	10,95	9,12
1641,62	14,11	6,84	1648,65	10,98	9,11
1642,70	14,07	6,80	1649,73	10,92	9,06
1644,05	14,17	6,90	1650,81	10,92	9,07
1645,14	14,15	6,86	1651,89	10,92	9,04
1646,22	14,13	6,85	1652,97	10,98	9,03
1647,30	14,11	6,87	1654,05	10,97	9,08
1648,38	14,17	6,89	1655,14	10,93	9,04
1649,73	14,26	6,94	1656,22	11,00	9,09
1650,81	14,18	6,88	1657,30	10,97	9,06
1651,89	14,31	6,97	1658,38	11,00	9,09
1652,97	14,24	6,92	1659,46	11,02	9,09
1654,32	14,09	6,80	1660,54	10,97	9,08
1655,41	14,13	6,80	1661,62	11,07	9,10
1656,49	14,14	6,85	1662,70	11,00	9,12
1657,57	14,15	6,83	1663,78	11,08	9,15
1658,65	14,18	6,85	1664,87	11,02	9,12
1660,00	14,19	6,89	1665,95	11,08	9,15
1661,08	14,22	6,89	1667,03	11,08	9,15
1662,43	14,19	6,84	1668,11	11,07	9,13
1663,51	14,20	6,86	1669,19	11,05	9,09
1664,59	14,14	6,80	1670,27	11,06	9,09
1665,68	14,10	6,74	1671,35	11,04	9,10
1667,03	14,16	6,74	1672,43	11,05	9,10
1668,11	14,04	6,69	1673,51	11,09	9,17
1669,46	14,15	6,79	1674,60	11,04	9,11
1670,54	14,16	6,76	1675,68	11,02	9,11
1671,89	14,15	6,75	1676,76	10,95	9,03
1672,97	14,10	6,74	1677,84	10,97	9,05
1674,32	14,15	6,74	1678,92	10,89	9,00
1675,41	14,17	6,77	1680,00	11,00	9,08
1676,76	14,13	6,74	1681,08	11,00	9,11
1677,84	14,13	6,74	1682,16	11,05	9,15
1678,92	14,24	6,85	1683,24	10,99	9,12
1680,00	14,22	6,85	1684,32	10,90	9,01
1681,35	14,28	6,83	1685,41	10,96	9,03
1682,43	14,19	6,75	1686,49	10,93	9,04
1683,51	14,14	6,74	1687,57	10,90	9,00
1684,59	14,15	6,73	1688,65	10,95	9,05
1685,68	14,10	6,71	1690,00	10,96	9,05
1686,76	14,09	6,70	1691,08	10,99	9,11
1687,84	14,07	6,69	1692,16	11,01	9,08
1689,19	14,17	6,80	1693,24	11,02	9,07
1690,27	14,09	6,79	1694,32	11,00	9,04
1691,62	14,16	6,81	1695,41	11,01	9,03
1692,70	14,15	6,84	1696,49	11,02	9,03
1694,05	14,15	6,84	1697,57	11,02	9,01
1695,14	14,21	6,89	1698,65	11,00	8,97
1696,22	14,18	6,83	1700,00	11,09	9,05
1697,57	14,25	6,88	1701,35	11,06	9,07
1698,65	14,19	6,80	1702,70	11,04	9,07
1699,73	14,15	6,78	1703,78	11,08	9,10
1700,81	14,17	6,84	1704,87	10,99	9,02
1701,89	14,18	6,83	1705,95	10,98	9,04
1702,97	14,20	6,83	1707,03	10,96	9,00
1704,05	14,14	6,85	1708,11	10,92	8,98
1705,14	14,10	6,81	1709,19	10,97	8,99
1706,22	14,17	6,82	1710,27	10,97	9,01
1707,30	14,14	6,80	1711,35	11,02	9,07
1708,65	14,10	6,79	1712,70	10,97	9,02
1710,00	14,17	6,83	1713,78	11,07	9,10
1711,08	14,15	6,82	1714,87	11,04	9,12
1712,43	14,13	6,79	1715,95	11,01	9,06
1713,51	14,11	6,76	1717,03	10,93	9,01
1714,59	14,10	6,76	1718,11	10,97	9,05
1715,68	14,18	6,85	1719,19	10,97	9,04
1716,76	14,14	6,82	1720,54	10,95	9,01
1717,84	14,14	6,80	1721,62	11,02	9,10
1718,92	14,13	6,81	1722,70	11,04	9,09
1720,00	14,16	6,81	1723,78	11,07	9,10
1721,08	14,22	6,85	1724,87	11,05	9,05
1722,16	14,15	6,82	1726,22	11,06	9,07
1723,51	14,18	6,84	1727,30	11,08	9,06
1724,59	14,25	6,89	1728,65	11,01	9,04
1725,95	14,21	6,90	1729,73	11,05	9,04
1727,03	14,17	6,88	1730,81	11,13	9,13
1728,38	14,17	6,86	1731,89	11,18	9,14
1729,46	14,14	6,84	1732,97	11,23	9,17
1730,54	14,18	6,84	1734,05	11,22	9,12
1731,62	14,15	6,82	1735,14	11,24	9,15
1732,70	14,20	6,85	1736,49	11,23	9,10
1734,05	14,19	6,85	1737,57	11,27	9,21
1735,14	14,19	6,84	1738,65	11,26	9,20
1736,22	14,19	6,84	1740,00	11,20	9,20
1737,30	14,13	6,84	1741,35	11,14	9,13
1738,65	14,19	6,86	1742,43	11,13	9,16
1739,73	14,10	6,80	1743,51	11,08	9,13
1740,81	14,14	6,77	1744,60	11,11	9,17
1741,89	14,09	6,78	1745,68	11,05	9,09
1742,97	14,08	6,75	1746,76	11,10	9,15
1744,05	14,10	6,75	1747,84	11,10	9,12
1745,14	14,13	6,78	1748,92	11,02	9,09
1746,49	14,14	6,78	1750,00	11,09	9,15
1747,57	14,10	6,80	1751,08	11,10	9,17
1748,92	14,14	6,83	1752,16	11,10	9,20
1750,00	14,15	6,83	1753,51	11,02	9,11
1751,08	14,13	6,81	1754,60	11,01	9,08
1752,16	14,08	6,79	1755,68	11,02	9,07
1753,24	14,05	6,73	1756,76	11,05	9,08
1754,32	14,02	6,68	1757,84	10,99	9,03
1755,41	13,95	6,65	1758,92	11,04	9,02
1756,76	14,02	6,72	1760,00	11,08	9,02
1757,84	14,06	6,74	1761,35	11,13	9,02
1758,92	14,11	6,78	1762,43	11,14	9,09
1760,00	14,16	6,83	1763,51	11,11	9,09
1761,08	14,07	6,78	1764,60	11,02	9,02
1762,16	14,11	6,78	1765,68	11,16	9,11
1763,24	14,07	6,70	1766,76	11,15	9,05
1764,32	14,15	6,78	1767,84	11,13	9,02
1765,41	14,07	6,70	1768,92	11,15	9,03
1766,49	14,10	6,72	1770,00	11,16	9,07
1767,57	14,17	6,78	1771,35	11,32	9,16
1768,65	14,17	6,78	1772,43	11,27	9,11
1769,73	14,25	6,84	1773,78	11,23	9,10
1771,08	14,20	6,81	1774,87	11,19	9,03
1772,16	14,20	6,85	1776,22	11,25	9,06
1773,24	14,00	6,64	1777,30	11,23	9,02
1774,32	14,08	6,69	1778,38	11,18	9,00
1775,41	14,02	6,63	1779,46	11,23	9,02
1776,49	13,97	6,61	1780,54	11,29	9,05
1777,57	14,02	6,64	1781,62	11,31	9,05
1778,65	14,11	6,75	1782,70	11,33	9,08
1780,00	14,05	6,71	1783,78	11,34	9,09
1781,08	13,96	6,69	1784,87	11,29	9,03
1782,43	14,08	6,78	1785,95	11,29	9,06
1783,51	14,11	6,82	1787,03	11,32	9,07
1784,59	14,14	6,81	1788,11	11,33	9,10
1785,68	14,13	6,80	1789,19	11,26	9,09
1786,76	14,13	6,80	1790,54	11,36	9,16
1787,84	14,13	6,84	1791,62	11,32	9,19
1788,92	14,13	6,79	1792,70	11,35	9,21
1790,00	14,14	6,84	1793,78	11,27	9,17
1791,08	14,16	6,80	1794,87	11,32	9,22
1792,16	14,16	6,79	1795,95	11,24	9,15
1793,51	14,16	6,84	1797,03	11,29	9,20
1794,59	14,19	6,90	1798,11	11,26	9,21
1795,68	14,21	6,90	1799,19	11,23	9,18
1796,76	14,14	6,90	1800,27	11,20	9,18
1797,84	14,17	6,91	1801,35	11,20	9,13
1798,92	14,14	6,89	1802,43	11,16	9,12
1800,00	14,15	6,91	1803,51	11,15	9,12
1801,08	14,17	6,88	1804,60	11,32	9,25
1802,16	14,15	6,89	1805,68	11,27	9,23
1803,24	14,13	6,84	1806,76	11,32	9,23
1804,32	14,15	6,84	1807,84	11,37	9,24
1805,41	14,07	6,77	1808,92	11,34	9,23
1806,49	14,08	6,79	1810,00	11,36	9,24
1807,84	14,10	6,81	1811,08	11,26	9,19
1808,92	14,17	6,82	1812,16	11,28	9,21
1810,27	14,28	6,97	1813,24	11,26	9,18
1811,35	14,29	6,98	1814,32	11,20	9,15
1812,43	14,36	6,97	1815,41	11,16	9,15
1813,51	14,20	6,83	1816,49	11,16	9,13
1814,87	14,26	6,91	1817,57	11,15	9,14
1815,95	14,24	6,91	1818,65	11,07	9,08
1817,03	14,27	6,90	1819,73	11,06	9,08
1818,11	14,20	6,88	1820,81	11,08	9,09
1819,19	14,11	6,82	1821,89	11,01	9,06
1820,27	14,13	6,84	1822,97	11,01	9,08
1821,35	14,18	6,86	1824,05	11,09	9,15
1822,43	14,20	6,90	1825,14	11,07	9,10
1823,51	14,21	6,90	1826,22	11,07	9,11
1824,59	14,18	6,87	1827,30	11,09	9,15
1825,95	14,17	6,89	1828,65	11,02	9,09
1827,03	14,22	6,90	1829,73	11,09	9,15
1828,11	14,21	6,90	1830,81	11,07	9,12
1829,19	14,19	6,94	1831,89	11,10	9,14
1830,27	14,26	6,98	1833,24	11,08	9,14
1831,35	14,25	6,94	1834,32	11,06	9,15
1832,43	14,26	6,93	1835,41	11,07	9,17
1833,51	14,22	6,91	1836,49	11,04	9,14
1834,59	14,15	6,87	1837,84	11,07	9,12
1835,68	14,15	6,87	1838,92	11,07	9,12
1836,76	14,15	6,81	1840,27	10,99	9,13
1837,84	14,22	6,90	1841,35	10,95	9,06
1838,92	14,25	6,94	1842,70	11,00	9,11
1840,00	14,20	6,90	1843,78	11,06	9,16
1841,08	14,19	6,90	1844,87	10,93	9,09
1842,16	14,22	6,90	1845,95	10,91	9,09
1843,24	14,19	6,89	1847,03	10,99	9,11
1844,32	14,29	6,95	1848,11	10,91	9,03
1845,41	14,22	6,90	1849,19	10,88	9,00
1846,49	14,20	6,87	1850,27	10,84	8,99
1847,57	14,22	6,91	1851,35	10,90	9,03
1848,65	14,21	6,91	1852,43	10,95	9,05
1850,00	14,17	6,84	1853,51	11,00	9,08
1851,08	14,24	6,86	1854,60	10,98	9,09
1852,16	14,25	6,90	1855,68	10,99	9,09
1853,24	14,11	6,76	1856,76	11,05	9,15
1854,32	14,07	6,71	1857,84	11,05	9,13
1855,41	14,11	6,74	1858,92	11,02	9,09
1856,49	14,16	6,76	1860,00	11,05	9,14
1857,57	14,15	6,75	1861,08	11,07	9,13
1858,65	14,17	6,75	1862,43	11,08	9,14
1859,73	14,26	6,86	1863,51	11,13	9,20
1860,81	14,26	6,86	1864,60	11,07	9,17
1861,89	14,27	6,86	1865,68	11,15	9,23
1863,24	14,33	6,94	1866,76	11,13	9,21
1864,32	14,28	6,89	1867,84	11,06	9,18
1865,41	14,26	6,89	1868,92	10,93	9,06
1866,49	14,37	6,94	1870,00	10,96	9,09
1867,57	14,32	6,93	1871,08	10,97	9,09
1868,92	14,24	6,90	1872,16	10,96	9,10
1870,00	14,22	6,92	1873,24	10,91	9,06
1871,08	14,21	6,90	1874,60	10,96	9,11
1872,16	14,25	6,94	1875,68	10,91	9,08
1873,24	14,17	6,92	1876,76	10,99	9,13
1874,32	14,16	6,88	1878,11	10,98	9,15
1875,41	14,04	6,79	1879,19	11,11	9,21
1876,49	14,11	6,83	1880,27	11,07	9,23
1877,57	14,10	6,80	1881,35	11,09	9,20
1878,92	14,19	6,88	1882,43	11,10	9,23
1880,00	14,18	6,87	1883,51	11,01	9,16
1881,08	14,19	6,90	1884,60	11,00	9,14
1882,16	14,19	6,87	1885,68	11,10	9,21
1883,24	14,15	6,85	1886,76	11,13	9,22
1884,32	14,24	6,92	1888,11	11,09	9,23
1885,41	14,11	6,83	1889,19	11,04	9,23
1886,49	14,14	6,85	1890,27	10,99	9,14
1887,84	14,14	6,84	1891,35	11,02	9,16
1888,92	14,06	6,80	1892,43	11,05	9,17
1890,00	14,09	6,83	1893,51	11,06	9,21
1891,08	14,16	6,84	1894,60	11,02	9,22
1892,16	14,16	6,86	1895,95	11,09	9,22
1893,24	14,14	6,84	1897,03	11,10	9,21
1894,32	14,09	6,77	1898,65	11,02	9,16
1895,41	14,11	6,76	1899,73	11,13	9,24
1896,49	14,16	6,85	1900,81	11,07	9,18
1897,57	14,09	6,79	1901,89	11,10	9,21
1898,65	14,03	6,76	1902,97	11,11	9,24
1899,73	14,10	6,80	1904,32	11,14	9,21
1900,81	14,09	6,75	1905,41	11,17	9,28
1901,89	14,11	6,75	1906,49	11,15	9,26
1903,24	14,11	6,73	1907,57	11,11	9,22
1904,32	14,07	6,71	1908,65	11,20	9,30
1905,41	14,09	6,74	1910,00	11,20	9,28
1906,49	14,00	6,71	1911,08	11,11	9,19
1907,57	14,05	6,73	1912,16	11,19	9,29
1908,65	14,07	6,72	1913,51	11,14	9,21
1909,73	14,08	6,74	1914,60	11,15	9,22
1910,81	14,06	6,79	1915,68	11,10	9,20
1911,89	14,05	6,84	1916,76	11,17	9,24
1912,97	14,11	6,88	1917,84	11,15	9,22
1914,05	14,13	6,85	1918,92	11,17	9,26
1915,14	14,09	6,86	1920,27	11,15	9,27
1916,22	14,20	6,91	1921,35	11,25	9,34
1917,30	14,13	6,88	1922,43	11,22	9,30
1918,65	14,21	6,88	1923,78	11,14	9,25
1920,00	14,25	6,93	1924,87	11,16	9,25
1921,08	14,32	6,97	1925,95	11,23	9,31
1922,43	14,26	6,93	1927,30	11,15	9,23
1923,78	14,24	6,94	1928,38	11,18	9,27
1925,14	14,18	6,93	1929,73	11,17	9,28
1926,22	14,17	6,89	1930,81	11,15	9,26
1927,30	14,13	6,87	1931,89	11,13	9,24
1928,38	14,14	6,90	1932,97	11,17	9,29
1929,73	14,16	6,93	1934,05	11,09	9,23
1931,08	14,19	6,96	1935,14	11,06	9,23
1932,16	14,27	7,00	1936,22	11,17	9,31
1933,24	14,28	7,06	1937,30	11,15	9,30
1934,59	14,20	7,00	1938,38	11,11	9,29
1935,68	14,22	7,02	1939,46	11,04	9,23
1936,76	14,26	7,06	1940,54	11,01	9,19
1937,84	14,22	6,98	1941,62	11,02	9,23
1938,92	14,13	6,91	1942,70	11,04	9,22
1940,00	14,08	6,92	1943,78	11,04	9,22
1941,08	14,08	6,91	1944,87	11,06	9,22
1942,16	14,08	6,95	1945,95	11,05	9,25
1943,24	14,07	6,95	1947,03	11,06	9,26
1944,32	14,16	6,99	1948,11	11,09	9,27
1945,41	14,18	7,02	1949,19	11,04	9,20
1946,49	14,20	7,04	1950,27	11,01	9,22
1947,57	14,20	7,04	1951,35	11,09	9,27
1948,92	14,18	6,98	1952,43	11,11	9,25
1950,00	14,15	6,97	1953,78	11,01	9,20
1951,08	14,20	6,99	1954,87	11,11	9,24
1952,16	14,15	6,94	1955,95	11,15	9,28
1953,24	14,24	7,02	1957,03	11,13	9,23
1954,32	14,24	7,06	1958,11	11,06	9,20
1955,41	14,18	7,02	1959,19	11,09	9,24
1956,49	14,16	7,02	1960,27	11,00	9,18
1957,84	14,15	6,96	1961,35	11,09	9,24
1959,19	14,16	6,95	1962,43	11,05	9,20
1960,27	14,17	6,96	1963,51	11,08	9,26
1961,35	14,20	6,92	1964,60	11,05	9,23
1962,43	14,21	6,95	1965,68	11,01	9,17
1963,51	14,25	6,99	1966,76	11,10	9,28
1964,59	14,22	6,94	1967,84	11,10	9,29
1965,68	14,22	6,96	1968,92	11,07	9,26
1966,76	14,22	6,95	1970,00	11,05	9,30
1968,11	14,19	6,90	1971,35	11,02	9,25
1969,19	14,20	6,88	1972,43	11,16	9,33
1970,27	14,18	6,88	1973,51	11,15	9,33
1971,35	14,15	6,85	1974,60	11,10	9,28
1972,43	14,18	6,86	1975,68	11,11	9,30
1973,51	14,19	6,88	1976,76	11,14	9,33
1974,59	14,29	6,91	1977,84	11,15	9,36
1975,68	14,29	6,89	1978,92	11,11	9,30
1976,76	14,19	6,85	1980,00	11,09	9,25
1977,84	14,09	6,78	1981,08	11,09	9,25
1979,19	14,20	6,89	1982,16	11,11	9,23
1980,27	14,18	6,89	1983,24	11,09	9,23
1981,35	14,14	6,85	1984,60	11,08	9,24
1982,70	14,10	6,81	1985,68	11,17	9,32
1983,78	14,13	6,82	1986,76	11,20	9,32
1985,14	14,07	6,81	1987,84	11,19	9,30
1986,22	14,14	6,85	1988,92	11,17	9,27
1987,30	14,11	6,84	1990,27	11,13	9,26
1988,38	14,16	6,86	1991,35	11,19	9,34
1989,73	14,14	6,86	1992,43	11,14	9,30
1991,08	14,11	6,84	1993,51	11,14	9,32
1992,16	14,18	6,88	1994,60	11,17	9,36
1993,24	14,19	6,90	1995,68	11,14	9,31
1994,32	14,24	7,00	1996,76	11,19	9,34
1995,41	14,28	7,02	1997,84	11,23	9,34
1996,76	14,28	7,06	1999,19	11,23	9,30
1997,84	14,27	7,02	2000,27	11,34	9,43
1998,92	14,28	7,01	2001,35	11,31	9,40
2000,00	14,33	7,02	2002,43	11,27	9,37
2001,08	14,28	7,02	2003,51	11,24	9,37
2002,16	14,32	7,02	2004,60	11,32	9,41
2003,24	14,20	6,91	2005,68	11,36	9,42
2004,59	14,21	6,90	2006,76	11,27	9,38
2005,95	14,15	6,87	2007,84	11,22	9,36
2007,03	14,17	6,86	2008,92	11,27	9,37
2008,11	14,14	6,87	2010,00	11,33	9,43
2009,19	14,07	6,82	2011,35	11,27	9,42
2010,27	14,06	6,83	2012,43	11,29	9,45
2011,35	14,08	6,81	2013,78	11,36	9,47
2012,43	14,17	6,89	2014,87	11,19	9,36
2013,78	14,08	6,80	2015,95	11,17	9,38
2014,87	14,10	6,80	2017,03	11,09	9,34
2015,95	14,11	6,82	2018,11	11,10	9,36
2017,03	14,13	6,85	2019,46	11,05	9,35
2018,38	14,17	6,93	2020,81	10,92	9,32
2019,46	14,13	6,85	2021,89	10,74	9,24
2020,54	14,11	6,87	2022,97	10,66	9,20
2021,89	14,16	6,93	2024,05	10,57	9,22
2022,97	14,18	6,96	2025,14	10,45	9,15
2024,05	14,21	6,96	2026,49	10,29	9,11
2025,14	14,18	6,91	2027,57	10,21	9,11
2026,22	14,19	6,94	2028,65	10,06	9,04
2027,30	14,24	6,98	2029,73	9,90	8,93
2028,38	14,25	6,94	2030,81	9,80	8,98
2029,46	14,30	6,96	2031,89	9,70	8,94
2030,54	14,29	7,00	2032,97	9,62	8,88
2031,89	14,32	7,04	2034,05	9,44	8,74
2032,97	14,27	6,96	2035,14	9,38	8,71
2034,05	14,24	6,95	2036,22	9,36	8,71
2035,14	14,16	6,96	2037,30	9,21	8,60
2036,22	13,66	6,91	2038,38	9,13	8,53
2037,30	13,24	6,84	2039,46	9,05	8,44
2038,38	12,82	6,83	2040,54	8,90	8,33
2039,46	12,42	6,82	2041,62	8,83	8,28
2040,54	12,08	6,79	2042,70	8,75	8,23
2041,62	11,77	6,69	2043,78	8,68	8,18
2042,70	11,42	6,63	2044,87	8,65	8,14
2043,78	11,09	6,56	2045,95	8,68	8,18
2044,87	10,64	6,38	2047,03	8,63	8,16
2045,95	10,36	6,31	2048,11	8,56	8,10
2047,03	10,06	6,21	2049,19	8,49	8,04
2048,11	9,88	6,21	2050,54	8,36	7,94
2049,19	9,72	6,20	2051,89	8,22	7,84
2050,27	9,53	6,14	2053,24	8,26	7,86
2051,35	9,33	6,11	2054,32	8,15	7,79
2052,43	9,16	6,07	2055,41	8,13	7,77
2053,51	9,06	6,06	2056,76	8,06	7,72
2054,59	8,89	6,03	2057,84	7,97	7,60
2055,68	8,71	5,94	2058,92	7,93	7,57
2056,76	8,54	5,88	2060,00	7,87	7,51
2058,11	8,40	5,80	2061,08	7,89	7,52
2059,19	8,22	5,74	2062,16	7,81	7,48
2060,27	8,14	5,73	2063,24	7,74	7,41
2061,35	7,93	5,65	2064,32	7,62	7,30
2062,43	7,85	5,60	2065,41	7,59	7,25
2063,51	7,83	5,62	2066,76	7,51	7,22
2064,59	7,50	5,41	2067,84	7,46	7,16
2065,68	7,35	5,34	2069,19	7,41	7,10
2066,76	7,35	5,36	2070,27	7,40	7,07
2067,84	7,26	5,36	2071,35	7,36	7,05
2068,92	7,20	5,38	2072,43	7,34	7,04
2070,00	7,06	5,27	2073,51	7,25	6,95
2071,35	6,94	5,21	2074,60	7,20	6,91
2072,43	6,81	5,15	2075,68	7,24	6,97
2073,51	6,76	5,12	2077,03	7,23	6,94
2074,59	6,65	5,07	2078,11	7,16	6,89
2075,95	6,46	4,95	2079,19	7,10	6,82
2077,03	6,37	4,92	2080,27	7,03	6,76
2078,11	6,36	4,93	2081,35	6,95	6,70
2079,19	6,26	4,84	2082,43	6,89	6,63
2080,27	6,18	4,82	2083,51	6,95	6,67
2081,35	6,17	4,79	2084,60	6,86	6,58
2082,70	5,98	4,71	2085,95	6,77	6,56
2083,78	6,04	4,76	2087,03	6,76	6,54
2084,87	5,92	4,68	2088,11	6,69	6,47
2085,95	5,83	4,66	2089,19	6,81	6,59
2087,03	5,85	4,67	2090,27	6,75	6,52
2088,11	5,73	4,63	2091,35	6,73	6,50
2089,19	5,69	4,54	2092,43	6,74	6,51
2090,27	5,58	4,51	2093,51	6,72	6,47
2091,35	5,52	4,45	2094,60	6,68	6,43
2092,43	5,46	4,44	2095,68	6,63	6,39
2093,51	5,46	4,42	2096,76	6,60	6,36
2094,59	5,37	4,39	2097,84	6,52	6,29
2095,68	5,36	4,37	2098,92	6,52	6,27
2097,03	5,31	4,39	2100,00	6,46	6,23
2098,11	5,24	4,36	2101,08	6,41	6,20
2099,19	5,18	4,31	2102,16	6,42	6,17
2100,27	5,16	4,28	2103,24	6,38	6,18
2101,35	5,10	4,23	2104,32	6,35	6,15
2102,43	4,94	4,14	2105,41	6,31	6,11
2103,51	4,91	4,08	2106,49	6,21	6,02
2104,59	4,91	4,09	2107,57	6,19	6,00
2105,68	4,84	4,05	2108,65	6,16	5,99
2106,76	4,86	4,06	2109,73	6,14	5,95
2107,84	4,72	3,97	2110,81	6,06	5,88
2108,92	4,72	4,01	2112,16	6,05	5,88
2110,00	4,70	4,01	2113,24	6,03	5,86
2111,08	4,67	3,98	2114,32	6,00	5,85
2112,16	4,65	3,96	2115,41	5,96	5,76
2113,24	4,63	3,94	2116,76	5,90	5,72
2114,32	4,60	3,94	2117,84	5,90	5,73
2115,41	4,56	3,90	2118,92	5,86	5,71
2116,49	4,56	3,91	2120,00	5,81	5,67
2117,84	4,48	3,83	2121,08	5,80	5,65
2119,19	4,50	3,84	2122,16	5,76	5,60
2120,27	4,50	3,84	2123,24	5,65	5,50
2121,35	4,44	3,84	2124,60	5,64	5,51
2122,43	4,42	3,85	2125,68	5,56	5,43
2123,51	4,37	3,79	2126,76	5,63	5,47
2124,59	4,41	3,81	2127,84	5,52	5,37
2125,68	4,32	3,74	2128,92	5,46	5,34
2126,76	4,31	3,74	2130,00	5,47	5,36
2127,84	4,30	3,76	2131,08	5,44	5,32
2128,92	4,28	3,72	2132,43	5,46	5,33
2130,00	4,30	3,75	2133,51	5,40	5,30
2131,08	4,31	3,75	2134,60	5,39	5,29
2132,43	4,26	3,73	2135,68	5,41	5,29
2133,78	4,20	3,68	2136,76	5,34	5,22
2134,87	4,14	3,67	2137,84	5,30	5,17
2135,95	4,16	3,67	2138,92	5,37	5,24
2137,03	4,11	3,63	2140,00	5,32	5,19
2138,38	4,03	3,55	2141,08	5,30	5,16
2139,46	3,97	3,51	2142,16	5,26	5,16
2140,54	3,91	3,46	2143,24	5,24	5,12
2141,62	3,91	3,45	2144,60	5,18	5,06
2142,97	3,88	3,44	2145,68	5,04	4,96
2144,05	3,77	3,39	2146,76	5,04	4,93
2145,14	3,74	3,36	2147,84	5,05	4,89
2146,49	3,74	3,36	2149,19	4,95	4,87
2147,57	3,75	3,33	2150,27	4,95	4,88
2148,65	3,73	3,37	2151,35	4,97	4,86
2150,00	3,69	3,32	2152,43	4,91	4,86
2151,08	3,59	3,24	2153,51	4,93	4,87
2152,43	3,61	3,25	2154,60	4,88	4,80
2153,51	3,69	3,32	2155,68	4,87	4,77
2154,59	3,64	3,30	2156,76	4,90	4,80
2155,68	3,69	3,33	2157,84	4,84	4,76
2156,76	3,59	3,26	2158,92	4,75	4,69
2157,84	3,61	3,26	2160,00	4,82	4,71
2158,92	3,63	3,29	2161,08	4,75	4,69
2160,00	3,56	3,26	2162,16	4,74	4,66
2161,08	3,53	3,21	2163,51	4,74	4,66
2162,16	3,47	3,18	2164,60	4,69	4,64
2163,24	3,46	3,18	2165,68	4,67	4,60
2164,32	3,31	3,03	2166,76	4,62	4,56
2165,41	3,27	3,00	2167,84	4,62	4,56
2166,49	3,28	2,99	2168,92	4,73	4,65
2168,38	3,32	2,99	2170,00	4,67	4,57
2169,73	3,32	2,96	2171,08	4,56	4,53
2170,81	3,34	2,99	2172,16	4,54	4,52
2171,89	3,40	3,05	2173,24	4,56	4,50
2172,97	3,29	2,96	2174,32	4,58	4,52
2174,05	3,32	2,97	2175,41	4,50	4,48
2175,14	3,26	2,96	2176,76	4,49	4,45
2176,22	3,26	2,95	2177,84	4,48	4,42
2177,30	3,26	2,95	2178,92	4,40	4,36
2178,38	3,21	2,91	2180,00	4,38	4,32
2179,46	3,25	2,98	2181,35	4,37	4,36
2180,54	3,27	2,98	2182,43	4,35	4,34
2181,62	3,19	2,92	2183,78	4,38	4,34
2182,97	3,26	2,93	2184,87	4,40	4,34
2184,05	3,33	3,02	2185,95	4,31	4,31
2185,14	3,29	2,96	2187,03	4,34	4,32
2186,49	3,22	2,93	2188,38	4,37	4,34
2187,57	3,17	2,87	2189,46	4,37	4,33
2188,92	3,20	2,90	2190,81	4,25	4,23
2190,00	3,11	2,85	2191,89	4,23	4,20
2191,08	3,14	2,87	2193,24	4,18	4,18
2192,16	3,04	2,77	2194,32	4,19	4,18
2193,24	3,05	2,75	2195,41	4,15	4,14
2194,32	3,19	2,92	2196,49	4,13	4,13
2195,41	3,15	2,90	2198,11	3,84	3,86
2196,49	3,09	2,88	2199,19	3,82	3,86
2197,57	3,14	2,90	2200,27	3,98	3,99
2198,65	3,05	2,78	2201,35	3,88	3,94
2199,73	2,97	2,72	2202,43	3,93	3,96
2200,81	2,98	2,74	2203,78	3,84	3,86
2201,89	2,97	2,74	2204,87	3,73	3,77
2202,97	2,97	2,77	2206,22	3,79	3,84
2204,05	2,93	2,69	2207,30	3,77	3,81
2205,14	2,87	2,69	2208,65	3,74	3,75
2206,22	2,81	2,63	2209,73	3,77	3,79
2207,30	2,91	2,66	2211,08	3,74	3,80
2208,65	2,99	2,78	2212,16	3,75	3,79
2209,73	2,93	2,76	2213,24	3,75	3,80
2210,81	2,97	2,79	2214,32	3,68	3,75
2211,89	2,97	2,78	2215,41	3,68	3,73
2212,97	2,87	2,69	2216,49	3,73	3,77
2214,32	2,86	2,69	2217,57	3,72	3,77
2215,41	2,75	2,60	2218,65	3,74	3,80
2215,95	2,75	2,61	2219,73	3,69	3,73
0,00	0,00	0	2220,81	3,62	3,65
0,00	0,00	0	2221,89	3,65	3,68
0,00	0,00	0	2222,97	3,61	3,66
0,00	0,00	0	2224,32	3,59	3,63
0,00	0,00	0	2225,41	3,54	3,59
0,00	0,00	0	2226,49	3,55	3,58
0,00	0,00	0	2227,57	3,53	3,58
0,00	0,00	0	2228,92	3,56	3,59
0,00	0,00	0	2230,00	3,56	3,63
0,00	0,00	0	2231,35	3,56	3,63
0,00	0,00	0	2232,43	3,60	3,63
0,00	0,00	0	2233,78	3,54	3,60
0,00	0,00	0	2234,87	3,56	3,61
0,00	0,00	0	2235,95	3,49	3,55
0,00	0,00	0	2237,03	3,49	3,56
0,00	0,00	0	2238,38	3,43	3,50
0,00	0,00	0	2239,46	3,47	3,51
0,00	0,00	0	2240,54	3,49	3,54
0,00	0,00	0	2241,62	3,45	3,51
0,00	0,00	0	2242,70	3,38	3,42
0,00	0,00	0	2243,78	3,39	3,49
0,00	0,00	0	2245,14	3,47	3,52
0,00	0,00	0	2246,22	3,41	3,47
0,00	0,00	0	2247,30	3,47	3,54
0,00	0,00	0	2248,38	3,48	3,53
0,00	0,00	0	2249,73	3,45	3,56
0,00	0,00	0	2250,81	3,43	3,51
0,00	0,00	0	2251,89	3,43	3,53
0,00	0,00	0	2252,97	3,42	3,48
0,00	0,00	0	2254,05	3,48	3,53
0,00	0,00	0	2255,14	3,36	3,45
0,00	0,00	0	2256,22	3,30	3,39
0,00	0,00	0	2257,30	3,33	3,41
0,00	0,00	0	2258,38	3,36	3,42
0,00	0,00	0	2259,46	3,32	3,37
0,00	0,00	0	2260,54	3,21	3,26
0,00	0,00	0	2261,62	3,26	3,34
0,00	0,00	0	2262,97	3,19	3,26
0,00	0,00	0	2264,05	3,24	3,27
0,00	0,00	0	2265,41	3,24	3,32
0,00	0,00	0	2266,49	3,24	3,33
0,00	0,00	0	2267,57	3,27	3,33
0,00	0,00	0	2268,65	3,24	3,33
0,00	0,00	0	2269,73	3,37	3,43
0,00	0,00	0	2270,81	3,33	3,41
0,00	0,00	0	2271,89	3,31	3,38
0,00	0,00	0	2273,24	3,31	3,39
0,00	0,00	0	2274,32	3,31	3,40
0,00	0,00	0	2275,68	3,20	3,30
0,00	0,00	0	2276,76	3,17	3,25
0,00	0,00	0	2277,84	3,20	3,29
0,00	0,00	0	2278,92	3,17	3,26
0,00	0,00	0	2280,00	3,18	3,26
0,00	0,00	0	2281,08	3,14	3,21
0,00	0,00	0	2282,16	3,13	3,23
0,00	0,00	0	2283,24	3,08	3,20
0,00	0,00	0	2284,32	3,09	3,18
0,00	0,00	0	2285,41	3,18	3,27
0,00	0,00	0	2286,76	3,06	3,12
0,00	0,00	0	2287,84	3,05	3,14
0,00	0,00	0	2289,19	3,09	3,16
0,00	0,00	0	2290,27	3,09	3,16
0,00	0,00	0	2291,35	3,06	3,11
0,00	0,00	0	2292,43	3,01	3,06
0,00	0,00	0	2293,51	2,95	3,07
0,00	0,00	0	2294,87	3,02	3,07
0,00	0,00	0	2295,95	3,09	3,15
0,00	0,00	0	2297,30	3,13	3,16
0,00	0,00	0	2298,38	3,19	3,20
0,00	0,00	0	2299,46	3,09	3,12
0,00	0,00	0	2300,54	3,15	3,16
0,00	0,00	0	2301,62	3,23	3,25
0,00	0,00	0	2302,70	3,19	3,19
0,00	0,00	0	2303,78	3,21	3,19
0,00	0,00	0	2305,14	3,02	3,03
0,00	0,00	0	2306,22	3,01	3,00
0,00	0,00	0	2307,30	3,08	3,07
0,00	0,00	0	2308,38	3,07	3,05
0,00	0,00	0	2309,46	3,06	3,07
0,00	0,00	0	2310,54	3,08	3,09
0,00	0,00	0	2311,62	3,11	3,12
0,00	0,00	0	2312,70	3,06	3,06
0,00	0,00	0	2313,78	3,09	3,09
0,00	0,00	0	2314,87	3,01	3,01
0,00	0,00	0	2315,95	3,05	3,00
0,00	0,00	0	2317,03	2,99	3,00
0,00	0,00	0	2318,11	3,05	3,02
0,00	0,00	0	2319,19	3,00	2,95
0,00	0,00	0	2320,27	3,00	2,93
0,00	0,00	0	2321,35	3,07	2,99
0,00	0,00	0	2322,43	3,05	2,96
0,00	0,00	0	2323,78	3,07	2,97
0,00	0,00	0	2324,87	2,94	2,87
0,00	0,00	0	2325,95	2,97	2,90
0,00	0,00	0	2327,03	3,11	2,94
0,00	0,00	0	2328,11	3,00	2,87
0,00	0,00	0	2329,19	3,06	2,90
0,00	0,00	0	2330,27	2,99	2,92
0,00	0,00	0	2331,35	3,03	2,95
0,00	0,00	0	2332,43	3,06	2,93
0,00	0,00	0	2333,51	3,13	2,97
0,00	0,00	0	2334,60	3,07	2,90
0,00	0,00	0	2335,95	2,96	2,80
0,00	0,00	0	2337,03	2,95	2,81
0,00	0,00	0	2338,11	2,94	2,78
0,00	0,00	0	2339,19	3,05	2,89
0,00	0,00	0	2340,27	3,07	2,90
0,00	0,00	0	2341,35	2,96	2,81
0,00	0,00	0	2342,43	2,97	2,82
0,00	0,00	0	2343,51	3,08	2,88
0,00	0,00	0	2344,60	3,03	2,85
0,00	0,00	0	2345,68	3,05	2,82
0,00	0,00	0	2346,76	3,05	2,81
0,00	0,00	0	2347,84	3,08	2,79
0,00	0,00	0	2348,92	3,06	2,81
0,00	0,00	0	2350,00	2,97	2,78
0,00	0,00	0	2351,08	2,97	2,75
0,00	0,00	0	2352,16	3,01	2,74
0,00	0,00	0	2353,24	3,07	2,76
0,00	0,00	0	2354,32	3,01	2,74
0,00	0,00	0	2355,41	2,97	2,72
0,00	0,00	0	2356,49	3,00	2,73
0,00	0,00	0	2357,57	2,96	2,75
0,00	0,00	0	2358,65	3,03	2,74
0,00	0,00	0	2359,73	2,94	2,69
0,00	0,00	0	2360,81	2,99	2,72
0,00	0,00	0	2361,89	3,00	2,73
0,00	0,00	0	2363,24	2,99	2,76
0,00	0,00	0	2364,32	2,96	2,75
0,00	0,00	0	2365,68	3,09	2,79
0,00	0,00	0	2366,76	3,12	2,87
0,00	0,00	0	2367,84	3,05	2,81
0,00	0,00	0	2368,92	3,05	2,75
0,00	0,00	0	2370,00	3,00	2,74
0,00	0,00	0	2371,08	3,00	2,75
0,00	0,00	0	2372,16	3,01	2,70
0,00	0,00	0	2373,51	3,03	2,74
0,00	0,00	0	2374,60	2,97	2,70
0,00	0,00	0	2375,68	3,00	2,72
0,00	0,00	0	2376,76	3,01	2,71
0,00	0,00	0	2377,84	2,97	2,66
0,00	0,00	0	2378,92	2,95	2,61
0,00	0,00	0	2380,00	2,94	2,63
0,00	0,00	0	2381,08	2,97	2,62
0,00	0,00	0	2382,16	2,90	2,61
0,00	0,00	0	2383,24	2,89	2,56
0,00	0,00	0	2384,32	2,88	2,58
0,00	0,00	0	2385,41	2,89	2,56
0,00	0,00	0	2386,49	2,89	2,55
0,00	0,00	0	2387,57	2,82	2,52
0,00	0,00	0	2388,65	2,85	2,53
0,00	0,00	0	2390,00	2,88	2,56
0,00	0,00	0	2391,08	2,84	2,54
0,00	0,00	0	2392,16	2,87	2,56
0,00	0,00	0	2393,24	2,87	2,51
0,00	0,00	0	2394,32	2,84	2,51
0,00	0,00	0	2395,41	2,94	2,63
0,00	0,00	0	2396,49	2,88	2,58
0,00	0,00	0	2397,57	2,93	2,60
0,00	0,00	0	2398,65	2,93	2,61
0,00	0,00	0	2400,00	2,96	2,54
0,00	0,00	0	2401,08	2,94	2,54
0,00	0,00	0	2402,16	2,87	2,54
0,00	0,00	0	2403,24	2,90	2,56
0,00	0,00	0	2404,32	2,93	2,57
0,00	0,00	0	2405,41	2,96	2,53
0,00	0,00	0	2406,49	2,93	2,54
0,00	0,00	0	2407,57	2,90	2,51
0,00	0,00	0	2408,65	2,91	2,50
0,00	0,00	0	2409,73	2,93	2,54
0,00	0,00	0	2410,81	2,85	2,47
0,00	0,00	0	2411,89	2,96	2,51
0,00	0,00	0	2412,97	2,85	2,47
0,00	0,00	0	2414,32	2,87	2,49
0,00	0,00	0	2415,41	3,00	2,49
0,00	0,00	0	2416,76	2,87	2,47
0,00	0,00	0	2417,84	2,83	2,46
0,00	0,00	0	2419,19	2,93	2,46
0,00	0,00	0	2420,27	2,85	2,43
0,00	0,00	0	2421,35	2,83	2,41
0,00	0,00	0	2422,43	2,87	2,41
0,00	0,00	0	2423,51	2,87	2,39
0,00	0,00	0	2424,60	2,88	2,47
0,00	0,00	0	2425,95	3,00	2,49
0,00	0,00	0	2427,03	2,90	2,46
0,00	0,00	0	2428,11	2,96	2,48
0,00	0,00	0	2429,46	2,87	2,39
0,00	0,00	0	2430,54	2,79	2,31
0,00	0,00	0	2431,89	2,83	2,35
0,00	0,00	0	2432,97	2,84	2,37
0,00	0,00	0	2434,05	2,84	2,38
0,00	0,00	0	2435,14	2,80	2,36
0,00	0,00	0	2436,22	2,85	2,38
0,00	0,00	0	2437,30	2,74	2,33
0,00	0,00	0	2438,38	2,83	2,34
0,00	0,00	0	2439,46	2,82	2,30
0,00	0,00	0	2440,54	2,77	2,32
0,00	0,00	0	2441,89	2,91	2,38
0,00	0,00	0	2442,97	2,91	2,41
0,00	0,00	0	2444,32	2,82	2,39
0,00	0,00	0	2445,41	2,80	2,34
0,00	0,00	0	2446,49	2,80	2,30
0,00	0,00	0	2447,57	2,79	2,32
0,00	0,00	0	2448,92	2,84	2,32
0,00	0,00	0	2450,00	2,82	2,32
0,00	0,00	0	2451,08	2,83	2,32
0,00	0,00	0	2452,16	2,82	2,32
0,00	0,00	0	2453,24	2,80	2,28
0,00	0,00	0	2454,32	2,83	2,31
0,00	0,00	0	2455,41	2,82	2,29
0,00	0,00	0	2456,49	2,78	2,31
0,00	0,00	0	2457,57	2,93	2,39
0,00	0,00	0	2458,65	2,89	2,38
0,00	0,00	0	2459,73	2,84	2,37
0,00	0,00	0	2461,08	2,84	2,36
0,00	0,00	0	2462,16	2,82	2,35
0,00	0,00	0	2463,24	2,88	2,36
0,00	0,00	0	2464,32	2,90	2,34
0,00	0,00	0	2465,41	2,83	2,35
0,00	0,00	0	2466,76	2,91	2,38
0,00	0,00	0	2467,84	2,83	2,36
0,00	0,00	0	2468,92	2,83	2,36
0,00	0,00	0	2470,00	2,88	2,33
0,00	0,00	0	2471,08	2,73	2,25
0,00	0,00	0	2472,43	2,77	2,29
0,00	0,00	0	2473,51	2,76	2,26
0,00	0,00	0	2474,60	2,68	2,23
0,00	0,00	0	2475,68	2,78	2,26
0,00	0,00	0	2476,76	2,79	2,31
0,00	0,00	0	2477,84	2,84	2,33
0,00	0,00	0	2478,92	2,84	2,30
0,00	0,00	0	2480,00	2,79	2,31
0,00	0,00	0	2481,35	2,78	2,32
0,00	0,00	0	2482,43	2,82	2,31
0,00	0,00	0	2483,78	2,85	2,28
0,00	0,00	0	2484,87	2,85	2,27
0,00	0,00	0	2485,95	2,79	2,26
0,00	0,00	0	2487,03	2,74	2,23
0,00	0,00	0	2488,11	2,73	2,22
0,00	0,00	0	2489,19	2,78	2,21
0,00	0,00	0	2490,27	2,66	2,07
0,00	0,00	0	2491,35	2,52	2,02
0,00	0,00	0	2492,43	2,61	2,03
0,00	0,00	0	2493,51	2,61	2,07
0,00	0,00	0	2494,60	2,68	2,12
0,00	0,00	0	2495,95	2,72	2,15
0,00	0,00	0	2497,03	2,78	2,18
0,00	0,00	0	2498,38	2,36	1,74
0,00	0,00	0	2499,46	2,32	1,76
0,00	0,00	0	2500,54	2,35	1,80
0,00	0,00	0	2501,89	2,32	1,76
0,00	0,00	0	2502,97	2,37	1,81
0,00	0,00	0	2504,05	2,44	1,85
0,00	0,00	0	2504,60	2,38	1,84
