Time	T_peek (rel.)	Time	T_peek (rel.)
0,00	0,02	0,00	0,11
1,35	0,16	1,08	0,10
2,43	0,11	2,43	0,11
3,51	0,12	3,51	0,00
4,60	0,00	4,60	0,06
5,68	0,01	5,95	0,07
6,76	0,15	7,03	0,06
8,11	0,05	8,11	0,06
9,19	0,22	9,19	0,07
10,54	0,26	10,27	0,11
11,62	0,22	11,35	0,18
12,97	0,38	12,43	0,22
14,32	0,63	13,51	0,23
15,41	0,69	14,60	0,26
16,49	0,81	15,68	0,35
17,57	0,97	16,76	0,47
18,92	0,91	17,84	0,60
20,00	1,03	18,92	0,62
21,08	1,07	20,00	0,79
22,16	1,17	21,08	0,90
23,24	1,26	22,16	1,02
24,32	1,23	24,05	1,16
25,41	1,46	25,41	1,39
26,49	1,57	26,49	1,46
27,57	1,78	27,57	1,58
28,65	1,86	28,65	1,67
30,00	2,08	29,73	1,75
31,35	2,30	30,81	1,91
32,43	2,38	31,89	1,91
33,51	2,52	32,97	2,16
34,87	2,54	34,05	2,27
35,95	2,77	35,14	2,32
37,03	2,83	36,22	2,48
38,11	2,96	37,30	2,64
39,19	3,00	38,65	2,71
40,27	3,07	39,73	2,84
41,62	3,24	40,81	3,01
42,70	3,29	42,16	3,05
43,78	3,41	43,24	3,09
44,87	3,48	44,33	3,02
45,95	3,63	45,68	3,16
47,30	3,73	46,76	3,23
48,65	3,87	47,84	3,33
49,73	3,97	48,92	3,49
50,81	4,00	50,00	3,57
52,16	4,09	51,08	3,64
53,51	4,27	52,16	3,70
54,87	4,31	53,24	3,80
55,95	4,38	54,33	3,92
57,03	4,43	55,41	4,01
58,11	4,52	56,49	4,03
59,19	4,58	57,57	4,06
60,27	4,78	58,65	4,23
61,35	4,74	59,73	4,19
62,43	4,87	60,81	4,20
63,51	4,95	62,16	4,26
64,87	4,93	63,24	4,35
66,22	4,91	64,33	4,49
67,30	5,01	65,41	4,56
68,38	5,00	66,49	4,54
69,46	4,97	67,57	4,63
70,54	5,19	68,65	4,66
71,62	5,25	69,73	4,68
72,70	5,30	70,81	4,70
74,05	5,39	72,16	4,76
75,14	5,26	73,24	4,77
76,22	5,36	74,33	4,84
77,30	5,49	75,41	4,87
78,65	5,54	76,49	4,97
79,73	5,50	77,57	4,96
80,81	5,53	78,65	5,05
81,89	5,56	79,73	5,03
82,97	5,70	80,81	5,09
84,05	5,69	82,16	5,15
85,14	5,60	83,24	5,16
86,22	5,74	84,33	5,14
87,30	5,77	85,41	5,11
88,65	5,77	86,49	5,12
90,00	5,89	87,57	5,21
91,08	6,03	88,65	5,25
92,16	6,05	89,73	5,33
93,24	6,05	90,81	5,37
94,32	6,08	91,89	5,33
95,41	6,13	92,97	5,41
96,49	6,10	94,05	5,44
97,57	6,18	95,14	5,40
98,65	6,32	96,22	5,44
99,73	6,28	97,30	5,48
100,81	6,37	98,38	5,50
101,89	6,32	99,46	5,44
102,97	6,41	100,54	5,44
104,05	6,46	101,62	5,51
105,14	6,44	102,70	5,59
106,22	6,49	103,78	5,60
107,57	6,51	104,87	5,64
108,65	6,60	105,95	5,69
110,00	6,65	107,03	5,65
111,35	6,62	108,11	5,76
112,43	6,74	109,19	5,66
113,51	6,69	110,27	5,68
114,60	6,75	111,35	5,66
115,95	6,76	112,43	5,73
117,03	6,76	113,51	5,73
118,11	6,77	114,60	5,72
119,19	6,87	115,95	5,87
120,27	6,94	117,03	6,00
121,35	6,89	118,11	5,94
122,43	6,95	119,19	5,93
123,51	7,04	120,27	5,89
124,60	6,95	121,35	5,90
125,95	7,01	122,43	5,90
127,03	7,05	123,51	6,04
128,11	7,05	124,60	6,04
129,19	7,08	125,95	6,06
130,27	7,15	127,03	6,15
131,35	7,07	128,11	6,10
132,70	7,11	129,19	6,19
133,78	7,14	130,27	6,18
134,87	7,32	131,35	6,21
135,95	7,33	132,43	6,25
137,30	7,29	133,51	6,23
138,38	7,25	134,87	6,18
139,46	7,33	135,95	6,10
140,81	7,40	137,03	6,06
141,89	7,37	138,11	6,18
142,97	7,44	139,19	6,18
144,05	7,45	140,27	6,12
145,14	7,48	141,35	6,13
146,22	7,53	142,43	6,18
147,30	7,49	143,51	6,21
148,38	7,47	144,87	6,30
149,46	7,51	145,95	6,32
150,54	7,58	147,03	6,31
151,62	7,66	148,11	6,43
152,70	7,67	149,19	6,40
153,78	7,65	150,27	6,32
154,87	7,71	151,35	6,35
155,95	7,71	152,43	6,39
157,03	7,66	153,51	6,35
158,11	7,66	154,60	6,38
159,19	7,67	155,68	6,38
160,27	7,65	156,76	6,46
161,35	7,59	157,84	6,31
162,70	7,62	158,92	6,27
163,78	7,63	160,00	6,37
164,87	7,63	161,08	6,37
165,95	7,76	162,16	6,35
167,03	7,73	163,51	6,37
168,11	7,74	164,60	6,42
169,46	7,83	165,68	6,35
170,54	7,73	166,76	6,38
171,62	7,68	167,84	6,45
172,70	7,68	168,92	6,52
173,78	7,69	170,00	6,62
174,87	7,70	171,08	6,61
175,95	7,67	172,16	6,65
177,03	7,71	173,51	6,65
178,11	7,73	174,60	6,69
179,19	7,77	175,68	6,65
180,54	7,80	176,76	6,68
181,62	7,84	177,84	6,65
182,70	7,81	178,92	6,62
183,78	7,78	180,00	6,65
184,87	7,90	181,08	6,65
185,95	7,91	182,16	6,75
187,03	7,90	183,24	6,85
188,11	7,82	184,33	6,70
189,19	7,90	185,41	6,76
190,54	7,90	186,49	6,70
191,62	7,90	187,57	6,63
192,70	7,82	188,65	6,60
193,78	7,87	190,00	6,64
194,87	7,93	191,08	6,62
196,22	7,93	192,16	6,68
197,30	7,96	193,24	6,70
198,38	8,02	194,33	6,78
199,73	8,10	195,68	6,81
200,81	8,14	196,76	6,87
202,16	8,18	197,84	6,88
203,24	8,04	199,19	6,80
204,32	8,08	200,27	6,85
205,41	8,08	201,35	6,77
206,49	8,04	202,43	6,88
207,57	8,05	203,51	6,88
208,65	8,13	204,60	6,92
210,00	8,13	205,68	7,07
211,35	8,18	206,76	7,07
212,43	8,19	207,84	6,91
213,51	8,13	208,92	6,95
214,60	8,15	210,00	6,94
215,68	8,15	211,08	6,94
216,76	8,05	212,16	6,92
217,84	8,02	213,24	6,94
219,19	8,07	214,60	7,01
220,27	8,17	215,68	7,02
221,35	8,23	216,76	6,91
222,43	8,21	217,84	6,99
223,51	8,17	218,92	7,06
224,87	8,26	220,00	7,12
225,95	8,30	221,08	7,19
227,03	8,41	222,16	7,16
228,38	8,26	223,24	7,18
229,46	8,21	224,33	7,30
230,81	8,26	225,41	7,26
231,89	8,27	226,49	7,30
232,97	8,17	227,57	7,34
234,05	8,15	228,65	7,35
235,14	8,18	229,73	7,37
236,22	8,29	231,08	7,43
237,30	8,29	232,16	7,38
238,38	8,25	233,51	7,31
239,46	8,33	234,60	7,41
240,54	8,42	235,68	7,42
241,62	8,40	236,76	7,46
242,70	8,40	238,11	7,47
243,78	8,42	239,19	7,50
244,87	8,35	240,27	7,59
245,95	8,37	241,35	7,62
247,03	8,34	242,43	7,64
248,11	8,30	243,51	7,50
249,46	8,43	244,87	7,50
250,54	8,37	245,95	7,41
251,62	8,40	247,03	7,50
252,70	8,27	248,11	7,42
253,78	8,35	249,19	7,41
254,87	8,33	250,27	7,42
255,95	8,41	251,35	7,43
257,03	8,40	252,43	7,45
258,65	8,53	253,51	7,43
260,00	8,59	254,87	7,50
261,08	8,72	255,95	7,46
262,16	8,79	257,30	7,45
263,24	8,68	258,38	7,54
264,32	8,76	259,73	7,53
265,41	8,83	260,81	7,57
266,49	8,81	261,89	7,65
267,57	8,72	262,97	7,61
268,65	8,76	264,33	7,56
270,00	8,77	265,41	7,54
271,08	8,85	266,76	7,55
272,16	8,91	267,84	7,49
273,24	8,84	269,19	7,58
274,32	8,99	270,27	7,55
275,41	8,97	271,62	7,55
276,49	8,98	272,70	7,57
277,57	9,03	274,05	7,50
278,65	9,06	275,14	7,56
279,73	9,01	276,22	7,56
281,08	9,06	277,30	7,49
282,16	8,91	278,38	7,55
283,24	8,95	279,46	7,62
284,32	9,01	280,54	7,65
285,41	8,98	281,62	7,62
286,49	9,01	282,70	7,61
287,57	8,97	284,05	7,64
288,65	9,00	285,14	7,69
289,73	8,98	286,22	7,67
290,81	9,05	287,30	7,66
291,89	9,07	288,38	7,74
292,97	8,99	289,46	7,66
294,05	9,01	290,81	7,70
295,14	9,08	291,89	7,70
296,22	9,09	293,24	7,73
297,30	9,13	294,33	7,77
298,38	8,96	295,41	7,75
299,46	8,98	296,49	7,75
300,81	9,05	297,57	7,77
301,89	9,05	298,65	7,73
302,97	9,05	299,73	7,77
304,05	9,12	300,81	7,72
305,14	9,23	302,16	7,81
306,22	9,23	303,24	7,86
307,57	9,08	304,60	7,91
308,65	9,15	305,68	7,89
309,73	9,11	307,03	7,94
310,81	9,21	308,11	7,90
311,89	9,22	309,19	7,95
312,97	9,11	310,27	7,83
314,05	9,13	311,35	7,83
315,14	9,08	312,43	7,88
316,22	9,16	313,51	7,81
317,30	9,17	314,60	7,90
318,65	9,08	315,68	7,83
319,73	9,14	316,76	7,80
320,81	9,09	318,11	7,82
321,89	9,13	319,46	7,85
322,97	9,19	320,54	7,80
324,05	9,43	321,62	7,88
325,14	9,49	322,97	7,87
326,22	9,43	324,33	7,83
327,57	9,40	325,41	7,95
328,65	9,43	326,49	7,98
329,73	9,39	327,57	7,97
330,81	9,39	328,65	7,90
332,16	9,33	329,73	7,86
333,24	9,29	330,81	7,93
334,32	9,36	332,16	7,91
335,41	9,39	333,24	7,89
336,49	9,36	334,60	7,97
337,57	9,32	335,68	7,97
338,65	9,30	336,76	8,02
339,73	9,29	338,11	7,98
340,81	9,38	339,19	7,95
341,89	9,45	340,27	7,95
343,24	9,37	341,35	7,96
344,32	9,46	342,43	7,91
345,41	9,46	343,51	7,88
346,76	9,43	344,60	7,91
347,84	9,39	345,68	7,97
348,92	9,38	346,76	7,95
350,00	9,41	347,84	7,93
351,08	9,43	348,92	7,89
352,16	9,43	350,00	7,98
354,05	9,28	351,08	8,04
355,14	9,32	352,16	8,05
356,22	9,39	353,24	8,06
357,30	9,37	354,33	8,11
358,38	9,37	355,41	8,10
359,46	9,44	356,49	8,14
360,54	9,49	357,57	8,18
361,89	9,47	358,65	8,06
362,97	9,40	359,73	7,99
364,05	9,48	360,81	8,10
365,14	9,53	361,89	8,07
366,22	9,55	362,97	8,05
367,30	9,52	364,05	8,10
368,38	9,55	365,14	8,14
369,73	9,57	366,22	8,13
370,81	9,53	367,30	8,14
371,89	9,60	368,38	8,16
372,97	9,53	369,46	8,20
374,05	9,53	370,54	8,15
375,14	9,61	371,62	8,13
376,22	9,56	372,97	8,11
377,30	9,44	374,33	8,07
378,38	9,55	375,41	8,14
379,46	9,52	376,49	8,15
380,54	9,49	377,84	8,21
381,62	9,51	378,92	8,21
382,70	9,55	380,27	8,13
383,78	9,56	381,35	8,06
384,87	9,55	382,43	8,10
385,95	9,56	383,51	8,14
387,03	9,62	384,60	8,19
388,11	9,52	385,95	8,15
389,19	9,60	387,03	8,21
390,27	9,69	388,11	8,21
391,35	9,71	389,46	8,22
392,43	9,57	390,81	8,16
393,51	9,65	391,89	8,24
394,60	9,60	392,97	8,15
395,68	9,62	394,05	8,16
396,76	9,61	395,14	8,16
397,84	9,55	396,22	8,16
398,92	9,55	397,30	8,12
400,00	9,60	398,38	8,14
401,35	9,59	399,46	8,11
402,70	9,59	400,54	8,14
403,78	9,57	401,62	8,20
404,87	9,64	402,70	8,15
406,22	9,64	403,78	8,22
407,30	9,65	404,87	8,28
408,38	9,54	405,95	8,29
409,46	9,54	407,03	8,24
410,54	9,60	408,38	8,21
411,62	9,55	409,46	8,24
412,70	9,55	410,54	8,30
414,05	9,54	411,62	8,24
415,14	9,59	412,97	8,32
416,22	9,56	414,05	8,38
417,30	9,54	415,14	8,24
418,65	9,53	416,22	8,20
419,73	9,56	417,30	8,21
420,81	9,59	418,65	8,24
421,89	9,61	419,73	8,21
422,97	9,55	420,81	8,24
424,05	9,49	421,89	8,15
425,14	9,53	422,97	8,24
426,22	9,54	424,05	8,21
427,30	9,61	425,14	8,30
428,38	9,54	426,22	8,29
429,46	9,71	427,30	8,32
430,54	9,82	428,38	8,23
431,62	9,81	429,73	8,18
432,70	9,71	430,81	8,27
434,05	9,77	431,89	8,30
435,14	9,71	432,97	8,24
436,22	9,73	434,05	8,35
437,30	9,69	435,14	8,36
438,38	9,57	436,22	8,37
439,46	9,68	437,30	8,53
440,54	9,69	438,38	8,53
441,62	9,72	439,46	8,33
442,70	9,67	440,54	8,26
443,78	9,69	441,62	8,21
444,87	9,69	442,70	8,26
445,95	9,64	443,78	8,33
447,03	9,61	444,87	8,35
448,11	9,60	445,95	8,35
449,46	9,73	447,03	8,35
450,54	9,73	448,11	8,38
451,62	9,78	449,19	8,32
452,70	9,72	450,27	8,29
453,78	9,69	451,35	8,35
454,87	9,69	452,70	8,33
455,95	9,69	453,78	8,32
457,03	9,62	454,87	8,23
458,11	9,64	455,95	8,28
459,19	9,71	457,03	8,29
460,54	9,75	458,11	8,30
461,62	9,87	459,19	8,37
462,70	9,75	460,27	8,26
464,87	9,72	461,35	8,22
465,95	9,70	462,43	8,20
467,30	9,72	463,51	8,24
468,38	9,76	464,60	8,24
469,46	9,76	465,68	8,29
470,54	9,85	466,76	8,28
471,62	9,89	468,11	8,23
472,70	9,88	469,19	8,30
473,78	9,90	470,27	8,24
475,14	9,92	471,35	8,24
476,22	9,93	472,43	8,29
477,30	10,01	473,51	8,28
478,38	9,86	474,60	8,23
479,46	9,85	475,68	8,22
480,54	9,92	476,76	8,29
481,62	9,85	477,84	8,31
482,70	9,79	478,92	8,30
483,78	9,89	480,00	8,33
484,87	10,04	481,08	8,38
485,95	9,97	482,16	8,36
487,03	9,95	483,24	8,38
488,11	9,94	484,33	8,41
489,19	10,04	485,41	8,36
490,27	9,89	486,49	8,43
491,35	9,96	487,57	8,33
492,43	9,86	488,65	8,44
493,51	9,85	489,73	8,37
494,60	9,90	490,81	8,33
495,68	9,95	491,89	8,37
496,76	9,89	492,97	8,30
497,84	9,86	494,05	8,41
498,92	9,86	495,14	8,32
500,00	9,90	496,22	8,35
501,35	9,87	497,30	8,31
502,43	9,96	498,38	8,44
503,78	9,90	499,73	8,53
504,87	9,92	501,08	8,46
506,22	9,96	502,43	8,49
507,30	9,90	503,51	8,53
508,38	9,86	504,60	8,56
509,46	9,89	505,68	8,61
510,54	9,80	506,76	8,56
511,62	9,85	507,84	8,63
512,70	9,81	508,92	8,57
513,78	9,84	510,00	8,57
514,87	9,94	511,35	8,54
515,95	9,94	512,43	8,54
517,03	9,93	513,51	8,53
518,11	9,86	514,60	8,58
519,19	9,85	515,68	8,55
520,27	9,84	516,76	8,41
521,35	9,85	517,84	8,51
522,43	9,82	518,92	8,49
523,51	9,72	520,00	8,53
524,60	9,80	521,08	8,56
525,68	9,84	522,16	8,52
526,76	9,84	523,24	8,47
527,84	9,89	524,33	8,46
528,92	9,82	525,41	8,41
530,00	9,84	526,49	8,46
531,08	9,85	527,57	8,52
532,43	9,80	528,65	8,58
533,51	9,84	529,73	8,66
534,60	9,82	530,81	8,65
535,68	9,89	531,89	8,62
536,76	9,90	532,97	8,60
538,11	9,89	534,05	8,58
539,19	9,97	535,14	8,48
540,27	9,96	536,22	8,52
541,35	10,00	537,30	8,58
542,43	9,93	538,65	8,60
543,51	9,90	539,73	8,64
544,60	10,01	540,81	8,65
545,68	10,00	541,89	8,62
546,76	9,95	542,97	8,56
547,84	10,00	544,33	8,56
548,92	9,96	545,41	8,58
550,00	10,04	546,49	8,55
551,08	10,13	547,57	8,51
552,16	10,10	548,65	8,56
553,24	10,02	549,73	8,57
554,32	10,05	550,81	8,52
555,68	10,07	551,89	8,57
556,76	10,12	552,97	8,56
558,11	10,10	554,05	8,57
559,19	10,15	555,14	8,48
560,54	10,10	556,22	8,51
561,62	10,07	557,57	8,56
562,70	9,94	558,65	8,65
564,05	9,94	559,73	8,58
565,14	10,00	560,81	8,47
566,49	10,04	561,89	8,49
567,57	10,00	562,97	8,53
568,65	10,04	564,05	8,52
570,00	10,07	565,14	8,60
571,08	10,07	566,22	8,61
572,16	10,12	567,30	8,56
573,24	10,01	568,65	8,52
574,32	10,10	569,73	8,51
575,41	10,04	570,81	8,54
576,49	10,06	571,89	8,57
577,57	10,04	572,97	8,61
579,73	10,04	574,33	8,56
580,81	10,03	575,41	8,57
581,89	10,05	576,49	8,55
582,97	9,97	577,57	8,54
584,05	10,01	578,65	8,65
585,14	10,03	579,73	8,65
586,22	10,10	580,81	8,64
587,30	10,10	581,89	8,64
588,38	10,05	583,24	8,64
589,46	10,13	584,33	8,57
590,54	10,12	585,41	8,68
591,62	10,21	586,49	8,63
592,70	10,17	587,57	8,66
593,78	10,19	588,65	8,69
594,87	10,18	589,73	8,69
596,22	10,27	591,08	8,66
597,30	10,23	592,16	8,72
598,65	10,23	593,51	8,73
599,73	10,23	594,60	8,66
600,81	10,37	595,68	8,64
601,89	10,32	597,03	8,70
602,97	10,34	598,11	8,65
604,05	10,32	599,19	8,60
605,14	10,37	600,27	8,62
606,22	10,36	601,35	8,70
607,30	10,40	602,70	8,72
608,65	10,31	603,78	8,68
610,00	10,31	604,87	8,71
611,08	10,32	606,22	8,66
612,16	10,43	607,30	8,65
613,51	10,39	608,38	8,73
614,60	10,31	609,46	8,65
615,68	10,31	610,54	8,69
616,76	10,29	611,62	8,69
617,84	10,32	612,97	8,62
618,92	10,32	614,05	8,71
620,00	10,35	615,14	8,75
621,08	10,41	616,22	8,75
622,16	10,46	617,30	8,74
623,24	10,45	618,38	8,73
624,32	10,30	619,46	8,71
625,68	10,37	620,54	8,65
626,76	10,37	621,62	8,69
628,11	10,37	623,78	8,64
629,19	10,40	624,87	8,65
630,54	10,40	625,95	8,58
631,62	10,38	627,03	8,65
632,70	10,41	628,11	8,60
634,05	10,37	629,46	8,58
635,14	10,31	630,54	8,61
636,22	10,28	631,62	8,64
637,30	10,29	632,70	8,70
638,38	10,31	633,78	8,68
639,46	10,44	634,87	8,73
640,54	10,39	635,95	8,68
641,62	10,32	637,03	8,71
642,70	10,34	638,38	8,75
643,78	10,28	639,46	8,78
644,87	10,31	640,54	8,78
645,95	10,37	641,89	8,75
647,03	10,37	642,97	8,71
648,11	10,32	644,33	8,69
649,46	10,32	645,41	8,74
650,54	10,28	646,49	8,78
651,89	10,29	647,84	8,73
652,97	10,23	648,92	8,72
654,05	10,24	650,00	8,74
655,14	10,27	651,08	8,73
656,49	10,30	652,16	8,75
657,57	10,23	653,24	8,74
658,65	10,26	654,60	8,68
659,73	10,21	655,68	8,70
660,81	10,28	656,76	8,72
662,16	10,26	657,84	8,77
663,24	10,29	658,92	8,77
664,32	10,31	660,00	8,75
665,41	10,36	661,08	8,71
666,76	10,30	662,16	8,73
667,84	10,35	663,24	8,73
668,92	10,34	664,33	8,75
670,00	10,31	665,41	8,71
671,08	10,22	666,49	8,81
672,43	10,26	667,84	8,83
673,51	10,36	668,92	8,85
674,60	10,30	670,00	8,82
675,95	10,27	671,08	8,83
677,03	10,31	672,16	8,86
678,11	10,28	673,24	8,83
679,19	10,29	674,33	8,83
680,27	10,36	675,41	8,80
681,35	10,27	676,49	8,79
682,43	10,24	677,57	8,72
683,51	10,21	678,65	8,72
684,60	10,27	679,73	8,75
685,68	10,24	680,81	8,80
686,76	10,22	682,16	8,86
688,11	10,26	683,24	8,81
689,19	10,20	684,33	8,79
690,27	10,19	685,41	8,85
691,35	10,22	686,76	8,95
692,43	10,23	687,84	8,83
693,51	10,17	688,92	8,88
694,60	10,13	690,27	8,79
695,95	10,40	691,35	8,79
697,03	10,35	692,70	8,82
698,11	10,36	693,78	8,85
699,19	10,37	694,87	8,80
700,27	10,21	695,95	8,79
701,35	10,17	697,03	8,87
702,43	10,22	698,11	8,82
703,51	10,28	699,46	8,82
704,60	10,32	700,54	8,83
705,68	10,31	701,89	8,85
707,03	10,21	702,97	8,87
708,11	10,20	704,05	8,80
709,19	10,15	705,14	8,69
710,54	10,14	706,49	8,72
711,62	10,20	707,57	8,72
712,70	10,29	708,92	8,82
713,78	10,28	710,00	8,86
714,87	10,26	711,08	8,86
715,95	10,34	712,16	8,83
717,03	10,34	713,24	8,85
718,11	10,32	714,33	8,89
719,46	10,31	715,41	8,85
720,54	10,30	716,76	8,82
721,62	10,29	718,11	8,87
722,70	10,29	719,19	8,80
723,78	10,17	720,27	8,78
724,87	10,21	721,35	8,73
725,95	10,21	722,43	8,79
727,03	10,22	723,51	8,75
728,11	10,24	724,60	8,79
729,19	10,19	725,95	8,85
730,27	10,23	727,03	8,82
731,35	10,28	728,11	8,78
732,43	10,27	729,19	8,70
733,51	10,26	730,27	8,70
734,60	10,22	731,35	8,64
735,68	10,29	732,70	8,65
736,76	10,23	733,78	8,75
738,11	10,29	734,87	8,68
739,19	10,27	735,95	8,72
740,54	10,24	737,03	8,74
741,62	10,36	738,11	8,78
742,70	10,36	739,46	8,75
744,05	10,30	740,81	8,72
745,14	10,26	741,89	8,77
746,22	10,27	742,97	8,70
747,30	10,34	744,05	8,69
748,65	10,19	745,14	8,69
749,73	10,28	746,22	8,65
750,81	10,26	747,57	8,71
751,89	10,27	748,65	8,66
752,97	10,26	749,73	8,82
754,05	10,36	751,08	8,81
755,14	10,34	752,16	8,85
756,22	10,29	753,24	8,81
757,30	10,34	754,33	8,81
758,38	10,31	755,41	8,78
759,46	10,21	756,49	8,82
760,54	10,38	757,57	8,73
761,89	10,46	758,65	8,77
762,97	10,47	759,73	8,92
764,05	10,48	760,81	8,96
765,14	10,38	761,89	8,94
766,49	10,39	762,97	8,92
767,57	10,41	764,05	8,73
768,92	10,30	765,14	8,69
770,00	10,40	766,22	8,74
771,35	10,41	767,30	8,78
772,43	10,41	768,65	8,78
773,51	10,36	769,73	8,83
774,87	10,39	770,81	8,86
775,95	10,32	772,16	8,82
777,03	10,36	773,51	8,86
778,11	10,40	774,60	8,70
779,46	10,35	775,68	8,74
780,81	10,46	776,76	8,78
781,89	10,43	777,84	8,77
783,24	10,41	778,92	8,75
784,32	10,44	780,00	8,70
785,41	10,44	781,08	8,73
786,76	10,36	782,16	8,73
787,84	10,36	783,24	8,74
788,92	10,47	784,33	8,64
790,00	10,45	785,41	8,68
791,08	10,47	786,49	8,66
792,16	10,47	787,57	8,69
793,24	10,41	788,92	8,78
794,32	10,41	790,00	8,70
795,41	10,29	791,08	8,72
796,49	10,30	792,16	8,69
797,57	10,37	793,51	8,74
798,65	10,38	794,60	8,75
800,00	10,39	795,68	8,72
801,08	10,38	797,03	8,65
802,16	10,31	798,11	8,65
803,24	10,39	799,19	8,78
804,32	10,34	800,27	8,80
805,41	10,32	801,62	8,80
806,49	10,30	802,70	8,78
807,57	10,30	803,78	8,77
808,65	10,28	804,87	8,83
809,73	10,24	805,95	8,87
810,81	10,28	807,03	8,85
811,89	10,24	808,11	8,83
812,97	10,22	809,19	8,89
814,05	10,27	810,27	8,90
815,14	10,31	811,62	8,78
816,22	10,31	812,70	8,79
817,30	10,32	813,78	8,78
818,38	10,29	814,87	8,70
819,46	10,28	815,95	8,66
820,54	10,38	817,03	8,64
821,89	10,34	818,11	8,74
822,97	10,31	819,19	8,68
824,32	10,37	820,27	8,60
825,41	10,41	821,35	8,64
826,76	10,46	822,70	8,61
827,84	10,41	823,78	8,69
828,92	10,39	824,87	8,66
830,00	10,43	825,95	8,68
831,08	10,39	827,03	8,63
832,16	10,37	828,11	8,61
833,51	10,36	829,19	8,53
834,60	10,34	830,27	8,53
835,68	10,37	831,35	8,64
836,76	10,37	832,43	8,65
838,11	10,41	833,51	8,63
839,19	10,38	834,60	8,62
840,54	10,43	835,68	8,61
841,62	10,40	837,03	8,66
842,70	10,44	838,11	8,64
844,05	10,36	839,19	8,77
845,41	10,35	840,27	8,79
846,49	10,34	841,35	8,80
847,57	10,31	842,43	8,75
848,65	10,31	843,51	8,79
849,73	10,44	844,60	8,72
850,81	10,48	845,68	8,79
852,16	10,44	846,76	8,85
853,51	10,53	848,11	8,79
854,87	10,48	849,19	8,94
855,95	10,46	850,27	8,90
857,30	10,41	851,35	8,85
858,65	10,44	852,43	8,88
859,73	10,40	853,51	8,87
860,81	10,34	854,60	8,83
862,16	10,38	855,68	8,86
863,24	10,40	856,76	8,80
864,32	10,39	857,84	8,79
865,68	10,35	858,92	8,85
866,76	10,31	860,27	8,87
867,84	10,35	861,35	8,82
868,92	10,32	862,70	8,83
870,00	10,29	863,78	8,89
871,08	10,40	864,87	8,87
872,16	10,44	865,95	8,92
873,51	10,38	867,03	8,91
874,60	10,50	868,38	8,88
875,68	10,40	869,46	8,88
876,76	10,43	870,54	8,82
877,84	10,37	871,62	8,89
878,92	10,44	872,70	8,87
880,00	10,43	873,78	8,85
881,08	10,52	874,87	8,90
882,16	10,49	875,95	8,91
883,24	10,53	877,03	8,90
884,32	10,53	878,11	8,96
885,41	10,54	879,19	8,92
886,76	10,54	880,27	8,96
887,84	10,58	881,35	8,88
889,19	10,57	882,43	8,92
890,27	10,53	883,51	8,92
891,35	10,57	884,60	8,96
892,43	10,58	885,68	8,94
893,51	10,61	887,03	8,91
894,60	10,50	888,11	8,97
895,68	10,56	889,46	8,95
896,76	10,47	890,54	9,00
898,11	10,52	891,62	8,96
899,19	10,49	892,70	8,96
900,27	10,50	893,78	9,01
901,35	10,65	894,87	8,96
902,70	10,64	895,95	8,99
903,78	10,64	897,03	8,99
904,87	10,65	898,11	8,97
905,95	10,56	899,19	8,91
907,03	10,55	900,54	8,99
908,11	10,62	901,62	8,96
909,19	10,66	902,70	8,96
910,54	10,63	904,05	8,92
911,62	10,65	905,14	8,94
912,97	10,55	906,22	8,97
914,05	10,65	907,30	8,91
915,14	10,62	908,38	8,95
916,22	10,54	909,46	8,91
917,30	10,47	910,54	8,94
918,38	10,48	911,62	8,91
919,46	10,48	912,70	8,88
920,54	10,52	913,78	8,82
921,62	10,55	914,87	8,86
922,70	10,55	915,95	8,86
923,78	10,55	917,03	8,81
924,87	10,56	918,38	8,79
925,95	10,60	919,46	8,87
927,03	10,54	920,54	8,88
928,11	10,62	921,62	8,90
929,46	10,53	923,78	8,91
930,54	10,50	924,87	8,86
931,89	10,54	925,95	8,81
932,97	10,56	927,03	8,82
934,05	10,54	928,11	8,83
935,14	10,60	929,19	8,82
936,22	10,60	930,27	8,87
937,30	10,61	931,62	8,83
938,65	10,61	932,70	8,77
939,73	10,58	933,78	8,87
940,81	10,58	934,87	8,83
941,89	10,54	935,95	8,92
942,97	10,58	937,03	8,86
944,05	10,55	938,11	8,89
945,14	10,55	939,19	8,97
946,22	10,52	940,27	8,96
947,30	10,47	941,35	8,95
948,38	10,48	942,43	8,98
949,46	10,55	943,51	8,90
950,54	10,49	944,60	8,99
951,62	10,44	945,68	8,98
952,70	10,50	947,03	8,98
953,78	10,47	948,38	9,01
954,87	10,46	949,46	8,96
955,95	10,52	950,54	9,00
957,03	10,49	951,62	9,01
958,11	10,48	952,97	9,04
959,19	10,56	954,05	9,01
960,27	10,48	955,14	9,07
961,35	10,47	956,22	9,08
962,43	10,47	957,30	9,06
963,51	10,39	958,38	9,06
964,60	10,38	959,46	9,05
965,95	10,45	960,54	9,04
967,03	10,46	961,89	8,98
968,11	10,44	962,97	8,98
969,19	10,45	964,05	8,95
970,27	10,50	965,14	9,04
971,35	10,44	966,22	9,10
972,43	10,44	967,57	9,08
973,51	10,43	968,92	9,01
974,60	10,48	970,00	8,98
975,68	10,50	971,08	9,00
976,76	10,56	972,43	8,88
977,84	10,54	973,51	9,00
979,19	10,48	974,60	9,03
980,27	10,48	975,68	9,01
981,35	10,47	976,76	9,03
982,70	10,54	977,84	9,06
983,78	10,54	978,92	9,03
984,87	10,60	980,00	8,89
985,95	10,49	981,08	8,81
987,03	10,44	982,16	8,78
988,11	10,41	983,24	8,78
989,19	10,40	984,32	8,90
990,27	10,37	985,41	8,95
991,35	10,32	986,76	8,89
992,43	10,41	987,84	8,94
993,51	10,38	988,92	8,92
994,60	10,40	990,00	8,90
995,68	10,30	991,08	8,92
997,03	10,35	992,16	8,90
998,11	10,36	993,24	8,85
999,19	10,39	994,32	8,89
1000,54	10,41	995,41	8,91
1001,62	10,46	996,49	8,90
1002,70	10,44	997,57	8,89
1003,78	10,40	998,65	8,86
1004,87	10,44	999,73	8,86
1005,95	10,35	1000,81	8,79
1007,30	10,40	1001,89	8,83
1008,38	10,37	1002,97	8,80
1009,46	10,38	1004,05	8,79
1010,54	10,41	1005,14	8,80
1012,43	10,49	1006,22	8,83
1013,51	10,47	1007,30	8,80
1014,60	10,47	1008,38	8,83
1015,68	10,49	1009,46	8,87
1016,76	10,54	1010,54	8,87
1017,84	10,54	1011,62	8,83
1019,19	10,80	1012,70	8,82
1020,27	10,65	1014,05	8,79
1021,35	10,70	1015,41	8,74
1022,43	10,67	1016,49	8,79
1023,51	10,76	1017,57	8,77
1024,87	10,65	1018,65	8,75
1025,95	10,69	1019,73	8,80
1027,30	10,71	1020,81	8,77
1028,38	10,81	1022,16	8,78
1029,46	10,83	1023,24	8,82
1030,54	10,82	1024,32	8,85
1031,89	10,78	1025,41	8,78
1032,97	10,78	1026,49	8,79
1034,05	10,69	1027,57	8,86
1035,14	10,78	1028,65	8,90
1036,22	10,81	1030,00	8,88
1037,57	10,79	1031,08	8,85
1038,65	10,78	1032,16	8,87
1040,00	10,83	1033,24	8,90
1041,35	10,78	1034,32	8,90
1042,43	10,72	1035,41	8,95
1043,51	10,78	1036,76	8,89
1044,60	10,87	1037,84	8,96
1045,95	10,88	1038,92	8,92
1047,03	10,83	1040,27	8,95
1048,11	10,85	1041,35	8,91
1049,19	10,80	1042,43	8,88
1050,27	10,83	1043,51	8,96
1051,62	10,76	1044,60	8,92
1052,70	10,75	1045,68	8,88
1053,78	10,79	1046,76	8,86
1054,87	10,92	1047,84	8,87
1055,95	10,88	1049,19	8,80
1057,30	10,91	1050,27	8,79
1058,65	10,92	1051,35	8,80
1059,73	10,89	1052,43	8,80
1060,81	10,95	1053,51	8,88
1061,89	10,95	1054,60	8,87
1062,97	10,95	1055,68	8,90
1064,05	10,91	1056,76	8,79
1065,14	10,79	1057,84	8,81
1066,22	10,80	1058,92	8,95
1067,30	10,79	1060,00	8,97
1068,38	10,82	1061,08	8,98
1069,46	10,83	1062,16	8,95
1070,54	10,75	1063,51	9,01
1071,62	10,74	1064,60	8,91
1072,70	10,76	1065,68	8,98
1074,05	10,79	1067,03	8,97
1075,14	10,80	1068,11	8,95
1076,22	10,83	1069,19	9,00
1077,30	10,82	1070,27	8,96
1078,38	10,82	1071,35	8,96
1079,46	10,85	1072,43	8,89
1080,54	10,82	1073,78	8,87
1081,89	10,79	1074,87	8,92
1082,97	10,78	1075,95	8,96
1084,05	10,75	1077,03	8,91
1085,14	10,74	1078,38	8,90
1086,22	10,84	1079,46	8,91
1087,30	10,85	1080,54	8,91
1088,38	10,78	1081,62	8,88
1089,46	10,79	1082,70	8,94
1090,54	10,81	1083,78	8,94
1091,62	10,73	1084,87	8,89
1092,70	10,79	1085,95	8,90
1093,78	10,79	1087,03	8,94
1094,87	10,80	1088,11	8,95
1095,95	10,82	1089,46	9,00
1097,03	10,84	1090,54	8,99
1098,11	10,79	1091,62	8,91
1099,19	10,81	1092,97	8,91
1100,27	10,75	1094,05	8,91
1101,35	10,81	1095,14	8,97
1102,43	10,82	1096,22	8,98
1103,51	10,79	1097,30	8,99
1104,87	10,78	1098,38	8,97
1105,95	10,75	1099,46	8,92
1107,03	10,72	1100,54	8,96
1108,11	10,78	1101,62	9,12
1109,19	10,81	1102,70	9,13
1110,54	10,82	1103,78	9,06
1111,62	10,85	1104,87	9,04
1112,70	10,90	1105,95	8,99
1114,05	10,89	1107,03	9,01
1115,14	10,84	1108,11	8,96
1116,22	10,93	1109,19	8,94
1117,57	10,90	1110,27	8,95
1118,65	10,84	1111,35	8,99
1120,00	10,90	1112,43	8,98
1121,08	10,74	1113,51	9,08
1122,16	10,83	1114,60	9,15
1123,24	10,85	1115,68	9,10
1124,32	10,80	1116,76	9,09
1125,41	10,79	1118,11	9,09
1126,49	10,79	1119,19	9,05
1127,57	10,87	1120,27	9,09
1128,92	10,82	1121,35	9,04
1130,00	10,83	1122,43	9,03
1131,08	10,87	1123,51	9,05
1132,16	10,81	1124,60	9,15
1133,24	10,89	1125,68	9,08
1134,60	10,83	1126,76	9,05
1135,95	10,80	1128,11	9,03
1137,03	10,74	1129,19	9,06
1138,11	10,76	1130,27	9,07
1139,46	10,79	1131,35	9,05
1140,54	10,69	1132,43	9,05
1141,89	10,67	1133,51	9,08
1142,97	10,67	1134,60	8,98
1144,05	10,72	1135,68	9,04
1145,14	10,80	1136,76	8,98
1146,22	10,84	1137,84	9,03
1147,30	10,82	1138,92	8,95
1148,38	10,82	1140,27	8,96
1149,46	10,76	1141,35	8,97
1150,54	10,69	1142,43	9,04
1151,62	10,65	1143,51	9,10
1152,70	10,78	1144,60	9,09
1153,78	10,78	1145,68	9,01
1154,87	10,75	1146,76	9,00
1155,95	10,79	1147,84	8,89
1157,03	10,82	1148,92	8,89
1158,11	10,81	1150,00	8,96
1159,19	10,76	1151,08	8,96
1160,27	10,78	1152,16	9,05
1161,35	10,81	1153,24	9,01
1162,43	10,78	1154,32	9,04
1163,51	10,84	1155,41	9,06
1164,60	10,85	1156,49	9,09
1165,68	10,80	1157,57	9,03
1166,76	10,78	1158,65	9,03
1168,11	10,80	1159,73	8,90
1169,19	10,78	1160,81	8,97
1170,27	10,78	1161,89	8,96
1171,35	10,84	1162,97	9,04
1172,43	10,80	1164,05	9,13
1173,78	10,79	1165,14	9,10
1175,14	10,88	1166,22	9,14
1176,22	10,87	1167,30	9,08
1177,30	10,83	1168,38	9,14
1178,38	10,89	1169,46	9,20
1179,73	10,91	1170,81	9,14
1180,81	10,92	1171,89	9,10
1181,89	10,93	1172,97	9,12
1182,97	10,91	1174,05	9,13
1184,05	10,96	1175,14	9,12
1185,14	10,97	1176,22	9,12
1186,22	10,89	1177,30	9,06
1187,30	10,85	1178,38	9,00
1188,38	10,87	1179,46	9,04
1190,00	10,72	1180,81	9,12
1191,08	10,70	1181,89	9,09
1192,16	10,66	1182,97	9,10
1193,51	10,72	1184,05	9,06
1194,60	10,79	1185,41	9,12
1195,68	10,78	1186,49	9,06
1196,76	10,80	1187,57	9,09
1198,11	10,83	1188,65	9,06
1199,19	10,87	1190,00	9,08
1200,27	10,89	1191,08	8,97
1201,35	10,88	1192,43	9,01
1202,43	10,93	1193,51	8,99
1203,51	10,99	1194,60	9,01
1204,87	10,98	1195,68	9,12
1205,95	10,99	1196,76	9,20
1207,30	10,95	1197,84	9,13
1208,38	10,99	1198,92	9,13
1209,46	10,97	1200,27	9,12
1210,54	10,92	1201,35	9,09
1211,62	10,81	1202,43	9,07
1212,70	10,90	1203,51	8,98
1213,78	10,93	1204,60	9,05
1214,87	10,93	1205,95	9,04
1215,95	10,87	1207,03	8,98
1217,30	10,82	1208,11	9,01
1218,38	10,88	1209,46	9,03
1219,46	10,85	1210,54	9,07
1220,54	10,88	1211,62	9,06
1221,62	10,90	1212,70	9,06
1222,70	10,82	1213,78	9,03
1224,05	10,80	1214,87	9,06
1225,14	10,79	1215,95	9,04
1226,49	10,97	1217,03	8,97
1227,57	10,87	1218,11	9,00
1228,65	10,92	1219,19	8,97
1230,00	10,89	1220,27	8,97
1231,08	10,79	1221,35	9,04
1232,16	10,83	1222,43	9,01
1233,24	10,85	1224,05	9,17
1234,32	10,84	1225,14	9,09
1235,41	10,95	1226,22	9,18
1236,76	10,83	1227,57	9,12
1237,84	10,82	1228,65	9,29
1239,19	10,88	1229,73	9,24
1240,27	10,81	1230,81	9,17
1241,62	10,80	1232,16	9,21
1242,70	10,83	1233,51	9,23
1244,05	10,83	1234,60	9,25
1245,14	10,87	1235,68	9,22
1246,22	10,89	1236,76	9,24
1247,30	10,87	1237,84	9,24
1248,38	10,90	1238,92	9,24
1249,46	10,91	1240,00	9,22
1250,54	10,81	1241,08	9,23
1251,89	10,90	1242,43	9,23
1252,97	10,95	1243,51	9,21
1254,32	10,96	1244,60	9,21
1255,41	10,99	1245,68	9,23
1256,49	11,06	1246,76	9,22
1257,57	11,04	1247,84	9,20
1258,65	11,00	1248,92	9,20
1259,73	11,01	1250,00	9,25
1260,81	11,02	1251,08	9,18
1261,89	10,98	1252,16	9,23
1262,97	11,09	1253,24	9,22
1264,05	11,07	1254,32	9,24
1265,14	11,09	1255,41	9,18
1266,22	11,01	1256,49	9,18
1267,30	11,01	1257,57	9,22
1268,38	11,00	1258,65	9,24
1269,46	10,95	1259,73	9,20
1270,54	10,91	1261,08	9,29
1271,62	10,90	1262,16	9,27
1272,70	10,84	1263,24	9,24
1273,78	10,88	1264,32	9,31
1274,87	10,98	1265,41	9,35
1276,22	10,93	1266,49	9,29
1277,30	10,96	1267,57	9,23
1278,38	10,93	1268,65	9,17
1279,46	10,95	1269,73	9,22
1280,54	11,01	1270,81	9,17
1281,62	10,93	1271,89	9,23
1282,97	10,92	1272,97	9,20
1284,05	10,92	1274,05	9,27
1285,14	10,98	1275,14	9,30
1286,49	10,99	1276,22	9,27
1287,57	10,99	1277,30	9,20
1288,65	11,00	1278,38	9,23
1289,73	10,98	1279,46	9,24
1291,08	10,99	1280,54	9,22
1292,16	10,91	1281,62	9,29
1293,51	10,88	1282,97	9,24
1294,60	10,97	1284,05	9,18
1295,68	10,96	1285,14	9,21
1296,76	10,82	1286,22	9,22
1297,84	10,88	1287,30	9,21
1299,19	10,83	1288,38	9,26
1300,27	10,88	1289,46	9,25
1301,35	10,95	1290,81	9,23
1302,43	10,90	1291,89	9,24
1303,51	10,95	1292,97	9,24
1304,60	10,96	1294,05	9,33
1305,68	10,90	1295,14	9,31
1306,76	10,91	1296,22	9,35
1307,84	10,96	1297,30	9,34
1308,92	10,96	1298,38	9,26
1310,00	10,90	1299,46	9,27
1311,08	10,89	1300,54	9,38
1312,16	10,88	1301,62	9,26
1313,24	10,91	1302,70	9,29
1314,60	10,99	1303,78	9,31
1315,68	10,98	1304,87	9,35
1316,76	10,90	1305,95	9,30
1317,84	10,88	1307,03	9,29
1319,19	10,90	1308,11	9,24
1320,27	10,87	1309,46	9,21
1321,35	10,93	1310,54	9,29
1322,43	10,90	1311,62	9,26
1323,51	10,95	1312,70	9,33
1324,60	10,96	1313,78	9,27
1325,68	10,93	1314,87	9,29
1326,76	10,87	1316,22	9,32
1327,84	10,80	1317,30	9,33
1328,92	10,87	1318,38	9,34
1330,00	10,88	1319,46	9,30
1331,08	10,82	1320,54	9,29
1332,16	10,89	1321,62	9,23
1333,24	10,88	1322,97	9,30
1334,32	10,89	1324,05	9,23
1335,41	10,84	1325,14	9,24
1336,49	10,92	1326,22	9,27
1337,84	10,85	1327,30	9,30
1338,92	10,80	1328,38	9,26
1340,00	10,83	1329,46	9,23
1341,08	10,85	1330,54	9,30
1342,16	10,87	1331,62	9,30
1343,24	10,91	1332,70	9,39
1344,32	10,92	1333,78	9,34
1345,41	10,92	1334,87	9,41
1346,49	10,87	1335,95	9,32
1347,57	10,93	1337,03	9,40
1348,65	10,92	1338,38	9,43
1349,73	11,00	1339,46	9,31
1350,81	10,88	1340,81	9,30
1351,89	10,84	1341,89	9,22
1352,97	10,89	1343,24	9,29
1354,05	10,91	1344,32	9,16
1355,14	10,89	1345,41	9,16
1356,22	10,90	1346,49	9,16
1357,30	10,88	1347,57	9,25
1358,38	10,85	1348,65	9,31
1359,46	10,87	1349,73	9,29
1360,54	10,91	1351,08	9,26
1361,89	10,97	1352,16	9,30
1363,24	10,95	1353,24	9,30
1364,32	10,93	1354,32	9,36
1365,41	10,97	1355,41	9,30
1366,49	10,93	1356,49	9,38
1367,57	10,92	1357,57	9,26
1368,65	10,95	1358,65	9,22
1370,00	10,91	1359,73	9,23
1371,08	10,99	1360,81	9,21
1372,16	11,01	1362,16	9,34
1373,24	11,04	1363,24	9,42
1374,32	10,97	1364,32	9,47
1375,41	10,89	1365,41	9,38
1376,49	10,91	1366,76	9,33
1377,57	10,83	1367,84	9,25
1378,65	10,89	1368,92	9,26
1379,73	10,91	1370,00	9,18
1381,08	10,79	1371,08	9,22
1382,16	10,79	1372,16	9,22
1383,24	10,82	1373,24	9,23
1384,32	10,80	1374,32	9,26
1385,41	10,76	1375,41	9,27
1386,49	10,82	1376,76	9,25
1388,11	10,75	1377,84	9,26
1389,19	10,71	1379,19	9,25
1390,27	10,70	1380,27	9,18
1391,35	10,66	1381,35	9,25
1392,43	10,65	1382,43	9,31
1393,51	10,67	1383,51	9,34
1394,87	10,65	1384,60	9,39
1395,95	10,65	1385,68	9,34
1397,03	10,63	1386,76	9,41
1398,11	10,74	1387,84	9,43
1399,19	10,85	1388,92	9,41
1400,27	10,84	1390,00	9,38
1401,35	10,82	1391,08	9,41
1402,43	10,82	1392,16	9,43
1403,51	10,85	1393,24	9,39
1404,60	10,83	1394,32	9,35
1405,68	10,88	1395,41	9,42
1406,76	10,79	1396,49	9,38
1407,84	10,76	1397,57	9,31
1408,92	10,81	1398,65	9,32
1410,00	10,93	1399,73	9,31
1411,08	10,89	1400,81	9,32
1412,16	10,92	1401,89	9,31
1413,24	10,82	1402,97	9,30
1414,32	10,78	1404,05	9,16
1415,41	10,81	1405,14	9,20
1416,49	10,74	1406,22	9,18
1417,84	10,70	1407,57	9,21
1418,92	10,75	1408,65	9,23
1420,00	10,74	1409,73	9,25
1421,08	10,76	1410,81	9,29
1422,43	10,79	1411,89	9,34
1423,78	10,78	1413,24	9,30
1424,87	10,78	1414,32	9,18
1425,95	10,76	1415,41	9,20
1427,03	10,87	1416,49	9,21
1428,11	10,83	1417,57	9,16
1429,19	10,80	1418,65	9,21
1430,27	10,79	1420,00	9,24
1431,35	10,72	1421,08	9,24
1432,43	10,75	1422,16	9,23
1433,51	10,75	1423,51	9,24
1434,87	10,72	1424,60	9,30
1435,95	10,70	1425,68	9,26
1437,30	10,73	1426,76	9,25
1438,38	10,76	1427,84	9,27
1439,73	10,91	1428,92	9,24
1440,81	10,84	1430,00	9,29
1442,16	10,73	1431,08	9,29
1443,24	10,79	1432,16	9,29
1444,32	10,78	1433,51	9,31
1445,41	10,75	1434,60	9,38
1446,49	10,72	1435,68	9,41
1447,57	10,70	1437,03	9,33
1448,65	10,75	1438,11	9,23
1450,00	10,82	1439,19	9,27
1451,08	10,75	1440,27	9,20
1452,16	10,79	1441,35	9,17
1453,24	10,82	1442,43	9,17
1454,32	10,76	1443,51	9,18
1455,41	10,83	1444,60	9,14
1456,49	10,80	1445,68	9,17
1457,57	10,82	1446,76	9,18
1458,65	10,83	1447,84	9,22
1459,73	10,72	1448,92	9,27
1460,81	10,73	1450,00	9,21
1461,89	10,70	1451,08	9,31
1462,97	10,66	1452,16	9,32
1464,05	10,71	1453,24	9,34
1465,14	10,71	1454,32	9,42
1466,22	10,75	1455,41	9,43
1467,30	10,73	1456,76	9,41
1468,38	10,65	1457,84	9,38
1469,46	10,75	1458,92	9,27
1470,54	10,80	1460,00	9,34
1471,89	10,78	1461,08	9,39
1472,97	10,89	1462,16	9,31
1474,32	10,66	1463,24	9,30
1475,41	10,65	1464,32	9,30
1476,49	10,74	1465,41	9,30
1477,84	10,76	1466,49	9,33
1478,92	10,79	1467,57	9,34
1480,00	10,78	1468,65	9,42
1481,08	10,85	1469,73	9,38
1482,16	10,80	1470,81	9,33
1483,24	10,89	1471,89	9,33
1484,32	10,87	1473,24	9,31
1485,41	10,87	1474,32	9,26
1486,49	10,83	1475,68	9,30
1487,57	10,80	1476,76	9,22
1488,92	10,81	1477,84	9,18
1490,00	10,82	1479,19	9,29
1491,08	10,83	1480,27	9,35
1492,16	10,85	1481,35	9,30
1493,24	10,91	1482,43	9,21
1494,32	10,87	1483,51	9,25
1495,41	10,87	1484,60	9,30
1496,49	10,90	1485,68	9,32
1497,57	10,95	1486,76	9,33
1498,65	11,01	1487,84	9,27
1499,73	11,02	1488,92	9,25
1500,81	10,95	1490,00	9,27
1501,89	10,95	1491,08	9,23
1502,97	10,90	1492,16	9,20
1504,05	10,95	1493,24	9,21
1505,41	11,02	1494,32	9,31
1506,49	10,95	1495,41	9,20
1507,57	10,95	1496,49	9,26
1508,65	10,93	1497,57	9,20
1509,73	10,93	1498,65	9,22
1510,81	11,05	1499,73	9,21
1511,89	10,97	1500,81	9,29
1512,97	10,91	1501,89	9,20
1514,05	10,88	1503,24	9,20
1515,41	10,81	1504,32	9,17
1516,49	10,85	1505,68	9,08
1517,84	10,84	1506,76	9,17
1518,92	10,93	1507,84	9,14
1520,00	10,92	1508,92	9,13
1521,08	10,96	1510,27	9,16
1522,16	10,95	1511,35	9,14
1523,24	10,96	1512,43	9,16
1524,32	11,04	1513,51	9,18
1525,41	10,93	1514,60	9,17
1526,49	10,93	1515,68	9,16
1527,84	10,87	1517,03	9,16
1528,92	10,92	1518,11	9,17
1530,00	11,04	1519,19	9,18
1531,35	11,11	1520,27	9,26
1532,43	11,00	1521,62	9,25
1533,51	11,01	1522,70	9,21
1534,60	10,95	1524,32	9,25
1535,68	10,95	1525,41	9,21
1536,76	10,91	1526,49	9,18
1537,84	10,96	1527,57	9,16
1538,92	10,90	1528,65	9,26
1540,00	10,91	1529,73	9,34
1541,08	10,90	1531,08	9,35
1542,16	10,87	1532,16	9,31
1543,51	10,96	1533,51	9,32
1544,60	11,02	1534,60	9,35
1545,68	11,07	1535,95	9,31
1546,76	11,01	1537,03	9,27
1548,11	11,11	1538,11	9,23
1549,19	11,06	1539,19	9,30
1550,54	10,95	1540,27	9,32
1551,62	10,88	1541,62	9,32
1552,70	10,85	1542,70	9,30
1553,78	10,73	1543,78	9,25
1554,87	10,73	1544,87	9,20
1555,95	10,76	1545,95	9,21
1557,30	10,83	1547,03	9,23
1558,38	10,81	1548,11	9,24
1559,46	10,84	1549,19	9,23
1560,81	10,84	1550,27	9,26
1561,89	10,80	1551,35	9,22
1563,24	10,80	1552,43	9,21
1564,32	10,80	1553,51	9,22
1565,41	10,74	1554,60	9,20
1566,76	10,82	1555,68	9,27
1567,84	10,73	1557,03	9,30
1569,19	10,81	1558,11	9,22
1570,27	10,66	1559,19	9,30
1571,35	10,80	1560,27	9,29
1572,43	10,81	1561,35	9,32
1573,51	10,78	1562,43	9,32
1574,60	10,81	1563,51	9,27
1575,68	10,84	1564,60	9,26
1576,76	10,81	1565,68	9,30
1577,84	10,82	1566,76	9,27
1578,92	10,79	1568,11	9,24
1580,00	10,78	1569,19	9,33
1581,08	10,81	1570,27	9,36
1582,16	10,89	1571,35	9,38
1583,24	10,81	1572,70	9,33
1584,32	10,76	1573,78	9,33
1585,41	10,85	1575,14	9,26
1586,49	10,84	1576,22	9,20
1587,57	10,78	1577,57	9,29
1588,65	10,73	1578,65	9,25
1590,00	10,75	1579,73	9,31
1591,08	10,73	1580,81	9,25
1592,16	10,70	1581,89	9,30
1593,24	10,75	1582,97	9,23
1594,32	10,73	1584,05	9,26
1595,68	10,70	1585,41	9,30
1596,76	10,70	1586,49	9,32
1598,11	10,74	1587,84	9,33
1599,19	10,71	1588,92	9,36
1600,27	10,78	1590,00	9,41
1601,35	10,65	1591,08	9,40
1602,70	10,71	1592,16	9,35
1603,78	10,69	1593,24	9,41
1605,14	10,76	1594,32	9,38
1606,22	10,76	1595,41	9,31
1607,30	10,84	1596,76	9,27
1608,38	10,89	1597,84	9,33
1609,46	10,85	1598,92	9,44
1610,54	10,73	1600,00	9,45
1611,62	10,73	1601,08	9,43
1612,70	10,80	1602,16	9,53
1613,78	10,88	1603,24	9,48
1614,87	10,93	1604,32	9,56
1615,95	10,91	1605,41	9,38
1617,30	10,90	1606,49	9,30
1618,38	10,85	1607,57	9,39
1619,46	10,85	1608,65	9,32
1620,54	10,87	1609,73	9,29
1621,89	10,82	1610,81	9,24
1622,97	10,82	1611,89	9,31
1624,05	10,79	1612,97	9,25
1626,22	10,82	1614,05	9,29
1627,30	10,84	1615,14	9,29
1628,38	10,84	1616,22	9,26
1629,46	10,82	1617,30	9,26
1630,54	10,83	1618,38	9,25
1631,62	10,85	1619,46	9,16
1632,70	10,80	1620,81	9,20
1633,78	10,87	1621,89	9,26
1634,87	10,80	1622,97	9,29
1635,95	10,97	1624,05	9,26
1637,30	10,91	1625,41	9,39
1638,38	10,95	1626,49	9,41
1639,46	10,76	1627,57	9,43
1640,54	10,74	1628,65	9,48
1641,89	10,78	1630,00	9,36
1643,24	10,83	1631,08	9,44
1644,32	10,78	1632,16	9,34
1645,41	10,90	1633,24	9,32
1646,49	10,93	1634,60	9,30
1647,57	10,95	1635,68	9,36
1648,65	10,98	1636,76	9,31
1649,73	10,92	1637,84	9,32
1650,81	10,92	1638,92	9,34
1651,89	10,92	1640,27	9,30
1652,97	10,98	1641,35	9,32
1654,05	10,97	1642,43	9,27
1655,14	10,93	1643,51	9,32
1656,22	11,00	1644,60	9,32
1657,30	10,97	1645,95	9,35
1658,38	11,00	1647,03	9,38
1659,46	11,02	1648,11	9,40
1660,54	10,97	1649,19	9,40
1661,62	11,07	1650,27	9,44
1662,70	11,00	1651,35	9,40
1663,78	11,08	1652,43	9,34
1664,87	11,02	1653,78	9,43
1665,95	11,08	1654,87	9,45
1667,03	11,08	1656,22	9,40
1668,11	11,07	1657,30	9,33
1669,19	11,05	1658,65	9,39
1670,27	11,06	1660,00	9,31
1671,35	11,04	1661,08	9,31
1672,43	11,05	1662,16	9,30
1673,51	11,09	1663,24	9,32
1674,60	11,04	1664,32	9,21
1675,68	11,02	1665,41	9,18
1676,76	10,95	1666,49	9,22
1677,84	10,97	1667,57	9,24
1678,92	10,89	1668,65	9,21
1680,00	11,00	1669,73	9,17
1681,08	11,00	1670,81	9,26
1682,16	11,05	1671,89	9,18
1683,24	10,99	1672,97	9,27
1684,32	10,90	1674,05	9,24
1685,41	10,96	1675,14	9,21
1686,49	10,93	1676,22	9,26
1687,57	10,90	1677,30	9,25
1688,65	10,95	1678,38	9,23
1690,00	10,96	1679,46	9,18
1691,08	10,99	1680,54	9,18
1692,16	11,01	1681,62	9,20
1693,24	11,02	1682,70	9,22
1694,32	11,00	1683,78	9,17
1695,41	11,01	1684,87	9,21
1696,49	11,02	1685,95	9,25
1697,57	11,02	1687,03	9,22
1698,65	11,00	1688,11	9,22
1700,00	11,09	1689,19	9,25
1701,35	11,06	1690,27	9,18
1702,70	11,04	1691,35	9,30
1703,78	11,08	1692,43	9,26
1704,87	10,99	1693,51	9,25
1705,95	10,98	1694,60	9,29
1707,03	10,96	1695,68	9,24
1708,11	10,92	1696,76	9,25
1709,19	10,97	1697,84	9,23
1710,27	10,97	1698,92	9,32
1711,35	11,02	1700,00	9,29
1712,70	10,97	1701,08	9,27
1713,78	11,07	1702,16	9,30
1714,87	11,04	1703,24	9,22
1715,95	11,01	1704,32	9,25
1717,03	10,93	1705,41	9,26
1718,11	10,97	1706,49	9,35
1719,19	10,97	1707,57	9,32
1720,54	10,95	1708,92	9,33
1721,62	11,02	1710,00	9,40
1722,70	11,04	1711,08	9,45
1723,78	11,07	1712,43	9,34
1724,87	11,05	1713,51	9,39
1726,22	11,06	1714,60	9,33
1727,30	11,08	1715,68	9,34
1728,65	11,01	1716,76	9,26
1729,73	11,05	1717,84	9,26
1730,81	11,13	1718,92	9,24
1731,89	11,18	1720,27	9,20
1732,97	11,23	1721,35	9,22
1734,05	11,22	1722,43	9,21
1735,14	11,24	1723,51	9,22
1736,49	11,23	1724,60	9,23
1737,57	11,27	1725,68	9,27
1738,65	11,26	1726,76	9,32
1740,00	11,20	1727,84	9,38
1741,35	11,14	1728,92	9,40
1742,43	11,13	1730,00	9,40
1743,51	11,08	1731,08	9,41
1744,60	11,11	1732,16	9,30
1745,68	11,05	1733,24	9,30
1746,76	11,10	1734,32	9,33
1747,84	11,10	1735,41	9,33
1748,92	11,02	1736,49	9,41
1750,00	11,09	1737,57	9,32
1751,08	11,10	1738,65	9,30
1752,16	11,10	1739,73	9,30
1753,51	11,02	1740,81	9,26
1754,60	11,01	1741,89	9,27
1755,68	11,02	1742,97	9,29
1756,76	11,05	1744,05	9,38
1757,84	10,99	1745,14	9,35
1758,92	11,04	1746,22	9,24
1760,00	11,08	1747,57	9,21
1761,35	11,13	1748,65	9,25
1762,43	11,14	1749,73	9,30
1763,51	11,11	1750,81	9,38
1764,60	11,02	1751,89	9,33
1765,68	11,16	1752,97	9,39
1766,76	11,15	1754,32	9,26
1767,84	11,13	1755,41	9,35
1768,92	11,15	1756,76	9,33
1770,00	11,16	1757,84	9,32
1771,35	11,32	1758,92	9,24
1772,43	11,27	1760,00	9,27
1773,78	11,23	1761,08	9,38
1774,87	11,19	1762,16	9,35
1776,22	11,25	1763,24	9,32
1777,30	11,23	1764,32	9,25
1778,38	11,18	1765,41	9,23
1779,46	11,23	1766,76	9,27
1780,54	11,29	1767,84	9,30
1781,62	11,31	1768,92	9,26
1782,70	11,33	1770,00	9,18
1783,78	11,34	1771,08	9,25
1784,87	11,29	1772,16	9,18
1785,95	11,29	1773,24	9,16
1787,03	11,32	1774,32	9,25
1788,11	11,33	1775,41	9,27
1789,19	11,26	1776,49	9,24
1790,54	11,36	1777,57	9,20
1791,62	11,32	1778,65	9,27
1792,70	11,35	1779,73	9,21
1793,78	11,27	1780,81	9,15
1794,87	11,32	1782,16	9,18
1795,95	11,24	1783,24	9,25
1797,03	11,29	1784,32	9,17
1798,11	11,26	1785,41	9,14
1799,19	11,23	1786,49	9,18
1800,27	11,20	1787,57	9,10
1801,35	11,20	1788,65	9,12
1802,43	11,16	1789,73	9,18
1803,51	11,15	1790,81	9,22
1804,60	11,32	1791,89	9,22
1805,68	11,27	1792,97	9,22
1806,76	11,32	1794,05	9,26
1807,84	11,37	1795,14	9,30
1808,92	11,34	1796,22	9,27
1810,00	11,36	1797,30	9,21
1811,08	11,26	1798,65	9,25
1812,16	11,28	1799,73	9,23
1813,24	11,26	1800,81	9,22
1814,32	11,20	1801,89	9,17
1815,41	11,16	1802,97	9,22
1816,49	11,16	1804,05	9,23
1817,57	11,15	1805,41	9,24
1818,65	11,07	1806,49	9,22
1819,73	11,06	1807,57	9,16
1820,81	11,08	1808,65	9,24
1821,89	11,01	1809,73	9,22
1822,97	11,01	1810,81	9,27
1824,05	11,09	1811,89	9,24
1825,14	11,07	1812,97	9,24
1826,22	11,07	1814,05	9,21
1827,30	11,09	1815,14	9,18
1828,65	11,02	1816,22	9,21
1829,73	11,09	1817,30	9,22
1830,81	11,07	1818,38	9,23
1831,89	11,10	1819,46	9,21
1833,24	11,08	1820,81	9,30
1834,32	11,06	1821,89	9,31
1835,41	11,07	1822,97	9,27
1836,49	11,04	1824,60	9,29
1837,84	11,07	1825,68	9,32
1838,92	11,07	1826,76	9,24
1840,27	10,99	1827,84	9,31
1841,35	10,95	1828,92	9,24
1842,70	11,00	1830,00	9,27
1843,78	11,06	1831,08	9,24
1844,87	10,93	1832,16	9,22
1845,95	10,91	1833,24	9,27
1847,03	10,99	1834,32	9,23
1848,11	10,91	1835,41	9,20
1849,19	10,88	1836,49	9,24
1850,27	10,84	1837,57	9,25
1851,35	10,90	1838,65	9,31
1852,43	10,95	1839,73	9,31
1853,51	11,00	1841,08	9,39
1854,60	10,98	1842,16	9,40
1855,68	10,99	1843,24	9,34
1856,76	11,05	1844,32	9,29
1857,84	11,05	1845,41	9,33
1858,92	11,02	1846,49	9,29
1860,00	11,05	1847,57	9,25
1861,08	11,07	1848,65	9,31
1862,43	11,08	1850,00	9,35
1863,51	11,13	1851,08	9,29
1864,60	11,07	1852,16	9,32
1865,68	11,15	1853,24	9,23
1866,76	11,13	1854,60	9,34
1867,84	11,06	1855,68	9,27
1868,92	10,93	1856,76	9,33
1870,00	10,96	1857,84	9,31
1871,08	10,97	1858,92	9,30
1872,16	10,96	1860,00	9,33
1873,24	10,91	1861,08	9,33
1874,60	10,96	1862,16	9,33
1875,68	10,91	1863,24	9,32
1876,76	10,99	1864,32	9,36
1878,11	10,98	1865,41	9,35
1879,19	11,11	1866,49	9,33
1880,27	11,07	1867,57	9,35
1881,35	11,09	1868,65	9,35
1882,43	11,10	1869,73	9,36
1883,51	11,01	1870,81	9,33
1884,60	11,00	1871,89	9,34
1885,68	11,10	1873,24	9,34
1886,76	11,13	1874,32	9,34
1888,11	11,09	1875,68	9,41
1889,19	11,04	1876,76	9,45
1890,27	10,99	1877,84	9,40
1891,35	11,02	1878,92	9,41
1892,43	11,05	1880,27	9,39
1893,51	11,06	1881,35	9,51
1894,60	11,02	1882,43	9,35
1895,95	11,09	1883,51	9,36
1897,03	11,10	1884,60	9,36
1898,65	11,02	1885,68	9,36
1899,73	11,13	1886,76	9,36
1900,81	11,07	1888,11	9,36
1901,89	11,10	1889,19	9,40
1902,97	11,11	1890,54	9,35
1904,32	11,14	1891,62	9,31
1905,41	11,17	1892,70	9,38
1906,49	11,15	1893,78	9,38
1907,57	11,11	1895,14	9,31
1908,65	11,20	1896,22	9,30
1910,00	11,20	1897,30	9,27
1911,08	11,11	1898,38	9,35
1912,16	11,19	1899,46	9,35
1913,51	11,14	1900,54	9,42
1914,60	11,15	1901,62	9,43
1915,68	11,10	1902,70	9,44
1916,76	11,17	1903,78	9,49
1917,84	11,15	1904,87	9,47
1918,92	11,17	1905,95	9,48
1920,27	11,15	1907,03	9,48
1921,35	11,25	1908,11	9,35
1922,43	11,22	1909,19	9,38
1923,78	11,14	1910,27	9,40
1924,87	11,16	1911,35	9,34
1925,95	11,23	1912,70	9,38
1927,30	11,15	1913,78	9,44
1928,38	11,18	1914,87	9,43
1929,73	11,17	1915,95	9,45
1930,81	11,15	1917,03	9,47
1931,89	11,13	1918,38	9,45
1932,97	11,17	1919,46	9,42
1934,05	11,09	1920,54	9,47
1935,14	11,06	1921,62	9,44
1936,22	11,17	1922,70	9,41
1937,30	11,15	1923,78	9,45
1938,38	11,11	1924,87	9,35
1939,46	11,04	1926,22	9,36
1940,54	11,01	1927,30	9,36
1941,62	11,02	1928,38	9,48
1942,70	11,04	1929,46	9,42
1943,78	11,04	1930,54	9,47
1944,87	11,06	1931,62	9,48
1945,95	11,05	1932,70	9,60
1947,03	11,06	1933,78	9,51
1948,11	11,09	1934,87	9,58
1949,19	11,04	1935,95	9,54
1950,27	11,01	1937,03	9,49
1951,35	11,09	1938,11	9,48
1952,43	11,11	1939,19	9,45
1953,78	11,01	1940,27	9,51
1954,87	11,11	1941,35	9,41
1955,95	11,15	1942,43	9,48
1957,03	11,13	1943,78	9,48
1958,11	11,06	1944,87	9,56
1959,19	11,09	1945,95	9,56
1960,27	11,00	1947,03	9,60
1961,35	11,09	1948,11	9,57
1962,43	11,05	1949,19	9,58
1963,51	11,08	1950,27	9,57
1964,60	11,05	1951,62	9,49
1965,68	11,01	1952,70	9,44
1966,76	11,10	1954,05	9,48
1967,84	11,10	1955,14	9,57
1968,92	11,07	1956,22	9,57
1970,00	11,05	1957,30	9,60
1971,35	11,02	1958,38	9,52
1972,43	11,16	1959,46	9,49
1973,51	11,15	1960,54	9,48
1974,60	11,10	1961,89	9,41
1975,68	11,11	1962,97	9,45
1976,76	11,14	1964,32	9,44
1977,84	11,15	1965,41	9,49
1978,92	11,11	1966,76	9,50
1980,00	11,09	1967,84	9,34
1981,08	11,09	1968,92	9,38
1982,16	11,11	1970,00	9,34
1983,24	11,09	1971,08	9,38
1984,60	11,08	1972,16	9,33
1985,68	11,17	1973,51	9,42
1986,76	11,20	1974,87	9,44
1987,84	11,19	1975,95	9,45
1988,92	11,17	1977,30	9,50
1990,27	11,13	1978,65	9,44
1991,35	11,19	1979,73	9,45
1992,43	11,14	1980,81	9,50
1993,51	11,14	1982,16	9,39
1994,60	11,17	1983,24	9,44
1995,68	11,14	1984,32	9,44
1996,76	11,19	1985,41	9,50
1997,84	11,23	1986,49	9,45
1999,19	11,23	1987,57	9,45
2000,27	11,34	1988,65	9,44
2001,35	11,31	1989,73	9,48
2002,43	11,27	1990,81	9,49
2003,51	11,24	1991,89	9,49
2004,60	11,32	1992,97	9,54
2005,68	11,36	1994,05	9,51
2006,76	11,27	1995,14	9,50
2007,84	11,22	1996,22	9,51
2008,92	11,27	1997,30	9,48
2010,00	11,33	1998,38	9,48
2011,35	11,27	1999,46	9,44
2012,43	11,29	2000,54	9,49
2013,78	11,36	2001,62	9,47
2014,87	11,19	2002,70	9,47
2015,95	11,17	2003,78	9,43
2017,03	11,09	2004,87	9,45
2018,11	11,10	2005,95	9,51
2019,46	11,05	2007,03	9,53
2020,81	10,92	2008,11	9,48
2021,89	10,74	2009,19	9,48
2022,97	10,66	2010,27	9,52
2024,05	10,57	2011,62	9,45
2025,14	10,45	2012,70	9,45
2026,49	10,29	2013,78	9,43
2027,57	10,21	2014,87	9,34
2028,65	10,06	2016,22	9,43
2029,73	9,90	2017,30	9,40
2030,81	9,80	2018,38	9,40
2031,89	9,70	2019,46	9,48
2032,97	9,62	2020,54	9,50
2034,05	9,44	2021,62	9,49
2035,14	9,38	2022,70	9,44
2036,22	9,36	2023,78	9,50
2037,30	9,21	2024,87	9,52
2038,38	9,13	2026,22	9,45
2039,46	9,05	2027,30	9,56
2040,54	8,90	2028,65	9,45
2041,62	8,83	2029,73	9,43
2042,70	8,75	2030,81	9,49
2043,78	8,68	2031,89	9,40
2044,87	8,65	2032,97	9,42
2045,95	8,68	2034,05	9,48
2047,03	8,63	2035,14	9,49
2048,11	8,56	2036,22	9,53
2049,19	8,49	2037,30	9,44
2050,54	8,36	2038,38	9,41
2051,89	8,22	2039,46	9,51
2053,24	8,26	2040,54	9,49
2054,32	8,15	2041,62	9,49
2055,41	8,13	2042,97	9,51
2056,76	8,06	2044,05	9,48
2057,84	7,97	2045,14	9,51
2058,92	7,93	2046,22	9,48
2060,00	7,87	2047,30	9,52
2061,08	7,89	2048,38	9,52
2062,16	7,81	2049,46	9,45
2063,24	7,74	2050,54	9,44
2064,32	7,62	2051,62	9,45
2065,41	7,59	2052,70	9,49
2066,76	7,51	2053,78	9,51
2067,84	7,46	2054,87	9,50
2069,19	7,41	2055,95	9,52
2070,27	7,40	2057,30	9,51
2071,35	7,36	2058,38	9,62
2072,43	7,34	2059,46	9,59
2073,51	7,25	2060,54	9,59
2074,60	7,20	2061,62	9,54
2075,68	7,24	2062,70	9,54
2077,03	7,23	2064,05	9,59
2078,11	7,16	2065,14	9,61
2079,19	7,10	2066,22	9,65
2080,27	7,03	2067,57	9,63
2081,35	6,95	2068,65	9,58
2082,43	6,89	2069,73	9,51
2083,51	6,95	2070,81	9,50
2084,60	6,86	2071,89	9,54
2085,95	6,77	2072,97	9,58
2087,03	6,76	2074,05	9,52
2088,11	6,69	2075,14	9,54
2089,19	6,81	2076,22	9,51
2090,27	6,75	2077,30	9,57
2091,35	6,73	2078,38	9,59
2092,43	6,74	2079,46	9,52
2093,51	6,72	2080,54	9,51
2094,60	6,68	2081,62	9,56
2095,68	6,63	2082,70	9,54
2096,76	6,60	2083,78	9,59
2097,84	6,52	2084,87	9,63
2098,92	6,52	2085,95	9,66
2100,00	6,46	2087,30	9,57
2101,08	6,41	2088,38	9,61
2102,16	6,42	2089,73	9,63
2103,24	6,38	2090,81	9,56
2104,32	6,35	2091,89	9,61
2105,41	6,31	2092,97	9,62
2106,49	6,21	2094,05	9,53
2107,57	6,19	2095,14	9,57
2108,65	6,16	2096,22	9,57
2109,73	6,14	2097,30	9,62
2110,81	6,06	2098,38	9,56
2112,16	6,05	2099,46	9,50
2113,24	6,03	2100,54	9,49
2114,32	6,00	2101,62	9,52
2115,41	5,96	2102,70	9,51
2116,76	5,90	2104,05	9,53
2117,84	5,90	2105,41	9,47
2118,92	5,86	2106,49	9,43
2120,00	5,81	2107,57	9,39
2121,08	5,80	2108,65	9,44
2122,16	5,76	2109,73	9,41
2123,24	5,65	2111,08	9,49
2124,60	5,64	2112,16	9,54
2125,68	5,56	2113,51	9,63
2126,76	5,63	2114,60	9,61
2127,84	5,52	2115,68	9,59
2128,92	5,46	2116,76	9,62
2130,00	5,47	2117,84	9,58
2131,08	5,44	2118,92	9,54
2132,43	5,46	2120,00	9,54
2133,51	5,40	2121,08	9,57
2134,60	5,39	2122,16	9,54
2135,68	5,41	2123,51	9,59
2136,76	5,34	2124,87	9,52
2137,84	5,30	2125,95	9,49
2138,92	5,37	2127,03	9,49
2140,00	5,32	2128,11	9,48
2141,08	5,30	2129,19	9,36
2142,16	5,26	2130,27	9,40
2143,24	5,24	2131,62	9,45
2144,60	5,18	2132,70	9,50
2145,68	5,04	2133,78	9,53
2146,76	5,04	2134,87	9,50
2147,84	5,05	2136,22	9,59
2149,19	4,95	2137,30	9,53
2150,27	4,95	2138,38	9,62
2151,35	4,97	2139,73	9,57
2152,43	4,91	2140,81	9,47
2153,51	4,93	2141,89	9,44
2154,60	4,88	2142,97	9,52
2155,68	4,87	2144,05	9,57
2156,76	4,90	2145,41	9,48
2157,84	4,84	2146,49	9,41
2158,92	4,75	2147,57	9,47
2160,00	4,82	2148,65	9,49
2161,08	4,75	2149,73	9,56
2162,16	4,74	2150,81	9,58
2163,51	4,74	2152,16	9,56
2164,60	4,69	2153,51	9,58
2165,68	4,67	2154,60	9,65
2166,76	4,62	2155,68	9,58
2167,84	4,62	2156,76	9,62
2168,92	4,73	2157,84	9,60
2170,00	4,67	2158,92	9,56
2171,08	4,56	2160,00	9,51
2172,16	4,54	2161,08	9,54
2173,24	4,56	2162,16	9,58
2174,32	4,58	2163,24	9,60
2175,41	4,50	2164,32	9,69
2176,76	4,49	2165,41	9,60
2177,84	4,48	2166,49	9,57
2178,92	4,40	2167,57	9,54
2180,00	4,38	2168,65	9,59
2181,35	4,37	2169,73	9,59
2182,43	4,35	2170,81	9,59
2183,78	4,38	2171,89	9,62
2184,87	4,40	2172,97	9,60
2185,95	4,31	2174,05	9,62
2187,03	4,34	2175,14	9,62
2188,38	4,37	2176,49	9,58
2189,46	4,37	2177,57	9,63
2190,81	4,25	2178,92	9,67
2191,89	4,23	2180,00	9,51
2193,24	4,18	2181,08	9,50
2194,32	4,19	2182,16	9,49
2195,41	4,15	2183,24	9,45
2196,49	4,13	2184,32	9,47
2198,11	3,84	2185,41	9,53
2199,19	3,82	2186,49	9,48
2200,27	3,98	2187,57	9,48
2201,35	3,88	2188,65	9,53
2202,43	3,93	2189,73	9,53
2203,78	3,84	2190,81	9,54
2204,87	3,73	2191,89	9,49
2206,22	3,79	2193,24	9,52
2207,30	3,77	2194,32	9,53
2208,65	3,74	2195,41	9,45
2209,73	3,77	2196,49	9,51
2211,08	3,74	2197,57	9,56
2212,16	3,75	2198,65	9,59
2213,24	3,75	2199,73	9,59
2214,32	3,68	2200,81	9,61
2215,41	3,68	2201,89	9,59
2216,49	3,73	2202,97	9,59
2217,57	3,72	2204,05	9,49
2218,65	3,74	2205,14	9,51
2219,73	3,69	2206,22	9,47
2220,81	3,62	2207,57	9,54
2221,89	3,65	2208,65	9,60
2222,97	3,61	2209,73	9,50
2224,32	3,59	2210,81	9,57
2225,41	3,54	2211,89	9,57
2226,49	3,55	2212,97	9,56
2227,57	3,53	2214,05	9,50
2228,92	3,56	2215,14	9,52
2230,00	3,56	2216,22	9,59
2231,35	3,56	2217,30	9,57
2232,43	3,60	2218,38	9,59
2233,78	3,54	2219,46	9,57
2234,87	3,56	2220,81	9,49
2235,95	3,49	2221,89	9,44
2237,03	3,49	2222,97	9,52
2238,38	3,43	2224,05	9,52
2239,46	3,47	2225,14	9,52
2240,54	3,49	2226,22	9,53
2241,62	3,45	2227,30	9,65
2242,70	3,38	2228,38	9,67
2243,78	3,39	2229,46	9,59
2245,14	3,47	2230,54	9,56
2246,22	3,41	2231,62	9,56
2247,30	3,47	2232,70	9,56
2248,38	3,48	2233,78	9,69
2249,73	3,45	2235,14	9,69
2250,81	3,43	2236,22	9,71
2251,89	3,43	2237,30	9,62
2252,97	3,42	2238,38	9,72
2254,05	3,48	2239,46	9,67
2255,14	3,36	2240,54	9,70
2256,22	3,30	2241,62	9,61
2257,30	3,33	2242,70	9,67
2258,38	3,36	2244,05	9,62
2259,46	3,32	2245,41	9,61
2260,54	3,21	2246,49	9,58
2261,62	3,26	2247,57	9,54
2262,97	3,19	2248,92	9,52
2264,05	3,24	2250,00	9,53
2265,41	3,24	2251,35	9,48
2266,49	3,24	2252,70	9,57
2267,57	3,27	2253,78	9,53
2268,65	3,24	2254,87	9,59
2269,73	3,37	2255,95	9,54
2270,81	3,33	2257,30	9,51
2271,89	3,31	2258,38	9,43
2273,24	3,31	2259,46	9,45
2274,32	3,31	2260,54	9,48
2275,68	3,20	2261,62	9,49
2276,76	3,17	2262,70	9,51
2277,84	3,20	2263,78	9,53
2278,92	3,17	2264,87	9,53
2280,00	3,18	2266,22	9,57
2281,08	3,14	2267,30	9,50
2282,16	3,13	2268,38	9,56
2283,24	3,08	2269,46	9,56
2284,32	3,09	2270,81	9,62
2285,41	3,18	2271,89	9,56
2286,76	3,06	2272,97	9,57
2287,84	3,05	2274,05	9,59
2289,19	3,09	2275,14	9,53
2290,27	3,09	2276,49	9,57
2291,35	3,06	2277,57	9,59
2292,43	3,01	2278,65	9,63
2293,51	2,95	2280,00	9,63
2294,87	3,02	2281,08	9,60
2295,95	3,09	2282,16	9,58
2297,30	3,13	2283,51	9,52
2298,38	3,19	2284,60	9,53
2299,46	3,09	2285,68	9,51
2300,54	3,15	2286,76	9,47
2301,62	3,23	2287,84	9,50
2302,70	3,19	2288,92	9,45
2303,78	3,21	2290,00	9,58
2305,14	3,02	2291,35	9,52
2306,22	3,01	2292,43	9,62
2307,30	3,08	2293,51	9,65
2308,38	3,07	2294,60	9,54
2309,46	3,06	2295,68	9,52
2310,54	3,08	2296,76	9,57
2311,62	3,11	2297,84	9,59
2312,70	3,06	2298,92	9,60
2313,78	3,09	2300,00	9,54
2314,87	3,01	2301,08	9,68
2315,95	3,05	2302,16	9,67
2317,03	2,99	2303,24	9,67
2318,11	3,05	2304,32	9,63
2319,19	3,00	2305,41	9,60
2320,27	3,00	2306,49	9,63
2321,35	3,07	2307,57	9,65
2322,43	3,05	2308,92	9,66
2323,78	3,07	2310,27	9,60
2324,87	2,94	2311,35	9,71
2325,95	2,97	2312,43	9,72
2327,03	3,11	2313,51	9,75
2328,11	3,00	2314,60	9,78
2329,19	3,06	2315,68	9,72
2330,27	2,99	2316,76	9,69
2331,35	3,03	2318,11	9,68
2332,43	3,06	2319,19	9,71
2333,51	3,13	2320,27	9,77
2334,60	3,07	2321,62	9,77
2335,95	2,96	2322,70	9,75
2337,03	2,95	2323,78	9,72
2338,11	2,94	2324,87	9,59
2339,19	3,05	2325,95	9,59
2340,27	3,07	2327,03	9,65
2341,35	2,96	2328,11	9,61
2342,43	2,97	2329,46	9,68
2343,51	3,08	2330,54	9,69
2344,60	3,03	2331,62	9,63
2345,68	3,05	2332,70	9,67
2346,76	3,05	2333,78	9,62
2347,84	3,08	2334,87	9,61
2348,92	3,06	2335,95	9,63
2350,00	2,97	2337,03	9,57
2351,08	2,97	2338,38	9,57
2352,16	3,01	2339,46	9,57
2353,24	3,07	2340,54	9,70
2354,32	3,01	2341,62	9,70
2355,41	2,97	2342,70	9,69
2356,49	3,00	2343,78	9,68
2357,57	2,96	2344,87	9,60
2358,65	3,03	2345,95	9,70
2359,73	2,94	2347,03	9,62
2360,81	2,99	2348,11	9,60
2361,89	3,00	2349,19	9,61
2363,24	2,99	2350,27	9,57
2364,32	2,96	2351,35	9,60
2365,68	3,09	2352,43	9,66
2366,76	3,12	2353,51	9,62
2367,84	3,05	2354,87	9,61
2368,92	3,05	2355,95	9,52
2370,00	3,00	2357,03	9,60
2371,08	3,00	2358,11	9,51
2372,16	3,01	2359,19	9,56
2373,51	3,03	2360,27	9,52
2374,60	2,97	2361,35	9,52
2375,68	3,00	2362,70	9,52
2376,76	3,01	2363,78	9,43
2377,84	2,97	2364,87	9,44
2378,92	2,95	2365,95	9,47
2380,00	2,94	2367,03	9,39
2381,08	2,97	2368,11	9,40
2382,16	2,90	2369,19	9,43
2383,24	2,89	2370,27	9,43
2384,32	2,88	2371,35	9,44
2385,41	2,89	2372,43	9,44
2386,49	2,89	2373,51	9,48
2387,57	2,82	2374,87	9,51
2388,65	2,85	2375,95	9,50
2390,00	2,88	2377,03	9,48
2391,08	2,84	2378,11	9,50
2392,16	2,87	2379,19	9,48
2393,24	2,87	2380,54	9,39
2394,32	2,84	2381,62	9,43
2395,41	2,94	2382,70	9,43
2396,49	2,88	2384,05	9,47
2397,57	2,93	2385,41	9,51
2398,65	2,93	2386,76	9,45
2400,00	2,96	2387,84	9,52
2401,08	2,94	2388,92	9,60
2402,16	2,87	2390,00	9,67
2403,24	2,90	2391,35	9,65
2404,32	2,93	2392,43	9,63
2405,41	2,96	2393,51	9,60
2406,49	2,93	2394,60	9,50
2407,57	2,90	2395,68	9,51
2408,65	2,91	2396,76	9,49
2409,73	2,93	2397,84	9,59
2410,81	2,85	2398,92	9,60
2411,89	2,96	2400,00	9,61
2412,97	2,85	2401,35	9,57
2414,32	2,87	2402,43	9,57
2415,41	3,00	2403,51	9,62
2416,76	2,87	2404,60	9,54
2417,84	2,83	2405,68	9,52
2419,19	2,93	2406,76	9,50
2420,27	2,85	2407,84	9,48
2421,35	2,83	2408,92	9,60
2422,43	2,87	2410,00	9,54
2423,51	2,87	2411,08	9,58
2424,60	2,88	2412,16	9,58
2425,95	3,00	2413,24	9,58
2427,03	2,90	2414,32	9,58
2428,11	2,96	2415,68	9,54
2429,46	2,87	2416,76	9,57
2430,54	2,79	2417,84	9,57
2431,89	2,83	2419,19	9,61
2432,97	2,84	2420,27	9,57
2434,05	2,84	2421,35	9,51
2435,14	2,80	2422,70	9,53
2436,22	2,85	2423,78	9,48
2437,30	2,74	2425,14	9,53
2438,38	2,83	2426,22	9,49
2439,46	2,82	2427,30	9,58
2440,54	2,77	2428,65	9,62
2441,89	2,91	2429,73	9,49
2442,97	2,91	2431,08	9,52
2444,32	2,82	2432,16	9,44
2445,41	2,80	2433,24	9,61
2446,49	2,80	2434,32	9,53
2447,57	2,79	2435,41	9,58
2448,92	2,84	2436,49	9,68
2450,00	2,82	2437,57	9,63
2451,08	2,83	2438,65	9,62
2452,16	2,82	2439,73	9,60
2453,24	2,80	2440,81	9,57
2454,32	2,83	2441,89	9,57
2455,41	2,82	2442,97	9,52
2456,49	2,78	2444,05	9,50
2457,57	2,93	2445,14	9,52
2458,65	2,89	2446,22	9,67
2459,73	2,84	2447,30	9,59
2461,08	2,84	2448,38	9,54
2462,16	2,82	2449,46	9,53
2463,24	2,88	2450,54	9,54
2464,32	2,90	2451,62	9,51
2465,41	2,83	2452,70	9,53
2466,76	2,91	2454,05	9,50
2467,84	2,83	2455,14	9,56
2468,92	2,83	2456,22	9,50
2470,00	2,88	2457,30	9,57
2471,08	2,73	2458,38	9,54
2472,43	2,77	2459,46	9,54
2473,51	2,76	2460,54	9,56
2474,60	2,68	2461,62	9,53
2475,68	2,78	2462,70	9,58
2476,76	2,79	2464,05	9,60
2477,84	2,84	2465,14	9,66
2478,92	2,84	2466,22	9,65
2480,00	2,79	2467,57	9,69
2481,35	2,78	2468,92	9,58
2482,43	2,82	2470,00	9,54
2483,78	2,85	2471,35	9,43
2484,87	2,85	2472,43	9,41
2485,95	2,79	2473,78	9,32
2487,03	2,74	2474,87	9,12
2488,11	2,73	2475,95	8,98
2489,19	2,78	2477,03	8,92
2490,27	2,66	2478,11	8,74
2491,35	2,52	2479,46	8,65
2492,43	2,61	2480,54	8,47
2493,51	2,61	2481,62	8,26
2494,60	2,68	2482,70	8,20
2495,95	2,72	2483,78	8,03
2497,03	2,78	2485,14	8,10
2498,38	2,36	2486,22	8,06
2499,46	2,32	2487,30	7,94
2500,54	2,35	2488,65	7,70
2501,89	2,32	2489,73	7,71
2502,97	2,37	2490,81	7,56
2504,05	2,44	2491,89	7,39
2504,60	2,38	2492,97	7,29
0,00	0,00	2494,05	7,19
0,00	0,00	2495,14	7,09
0,00	0,00	2496,49	6,98
0,00	0,00	2497,57	6,93
0,00	0,00	2498,65	6,76
0,00	0,00	2499,73	6,76
0,00	0,00	2500,81	6,70
0,00	0,00	2501,89	6,60
0,00	0,00	2502,97	6,52
0,00	0,00	2504,05	6,41
0,00	0,00	2505,14	6,40
0,00	0,00	2506,22	6,32
0,00	0,00	2507,30	6,25
0,00	0,00	2508,38	6,10
0,00	0,00	2509,46	5,97
0,00	0,00	2510,81	5,94
0,00	0,00	2511,89	5,91
0,00	0,00	2512,97	5,76
0,00	0,00	2514,05	5,68
0,00	0,00	2515,14	5,67
0,00	0,00	2516,22	5,60
0,00	0,00	2517,30	5,58
0,00	0,00	2518,38	5,48
0,00	0,00	2519,46	5,48
0,00	0,00	2520,54	5,43
0,00	0,00	2521,62	5,34
0,00	0,00	2522,70	5,39
0,00	0,00	2523,78	5,25
0,00	0,00	2524,87	5,19
0,00	0,00	2526,22	5,12
0,00	0,00	2527,30	5,15
0,00	0,00	2528,38	5,04
0,00	0,00	2529,46	5,03
0,00	0,00	2530,81	5,05
0,00	0,00	2531,89	5,01
0,00	0,00	2532,97	4,97
0,00	0,00	2534,05	5,00
0,00	0,00	2535,14	4,91
0,00	0,00	2536,22	4,84
0,00	0,00	2537,30	4,81
0,00	0,00	2538,38	4,85
0,00	0,00	2539,46	4,81
0,00	0,00	2540,54	4,81
0,00	0,00	2541,62	4,81
0,00	0,00	2542,70	4,69
0,00	0,00	2544,05	4,67
0,00	0,00	2545,14	4,59
0,00	0,00	2546,22	4,62
0,00	0,00	2547,30	4,57
0,00	0,00	2548,38	4,62
0,00	0,00	2549,46	4,61
0,00	0,00	2550,54	4,54
0,00	0,00	2551,62	4,47
0,00	0,00	2552,97	4,35
0,00	0,00	2554,05	4,39
0,00	0,00	2555,41	4,33
0,00	0,00	2556,49	4,34
0,00	0,00	2557,57	4,27
0,00	0,00	2558,65	4,26
0,00	0,00	2559,73	4,21
0,00	0,00	2560,81	4,20
0,00	0,00	2561,89	4,18
0,00	0,00	2562,97	4,12
0,00	0,00	2564,05	4,02
0,00	0,00	2565,41	4,06
0,00	0,00	2566,49	3,98
0,00	0,00	2567,57	3,96
0,00	0,00	2568,65	3,92
0,00	0,00	2569,73	3,93
0,00	0,00	2570,81	3,92
0,00	0,00	2571,89	3,88
0,00	0,00	2572,97	3,93
0,00	0,00	2574,32	3,85
0,00	0,00	2575,41	3,77
0,00	0,00	2576,76	3,77
0,00	0,00	2577,84	3,73
0,00	0,00	2578,92	3,68
0,00	0,00	2580,00	3,64
0,00	0,00	2581,08	3,62
0,00	0,00	2582,16	3,57
0,00	0,00	2583,24	3,61
0,00	0,00	2584,32	3,70
0,00	0,00	2585,41	3,66
0,00	0,00	2586,76	3,57
0,00	0,00	2588,11	3,51
0,00	0,00	2589,19	3,60
0,00	0,00	2590,54	3,57
0,00	0,00	2591,62	3,60
0,00	0,00	2592,70	3,55
0,00	0,00	2594,05	3,59
0,00	0,00	2595,14	3,34
0,00	0,00	2596,22	3,42
0,00	0,00	2597,30	3,34
0,00	0,00	2598,65	3,36
0,00	0,00	2599,73	3,28
0,00	0,00	2600,81	3,27
0,00	0,00	2601,89	3,31
0,00	0,00	2602,97	3,31
0,00	0,00	2604,05	3,29
0,00	0,00	2605,14	3,24
0,00	0,00	2606,22	3,22
0,00	0,00	2607,30	3,20
0,00	0,00	2608,38	3,20
0,00	0,00	2609,46	3,15
0,00	0,00	2610,81	3,14
0,00	0,00	2611,89	3,10
0,00	0,00	2612,97	3,05
0,00	0,00	2614,05	3,04
0,00	0,00	2615,14	2,99
0,00	0,00	2616,22	2,97
0,00	0,00	2617,30	2,90
0,00	0,00	2618,38	2,93
0,00	0,00	2619,46	2,98
0,00	0,00	2620,54	2,96
0,00	0,00	2621,89	2,92
0,00	0,00	2622,97	2,93
0,00	0,00	2624,05	2,83
0,00	0,00	2625,41	2,89
0,00	0,00	2626,49	2,85
0,00	0,00	2627,57	2,80
0,00	0,00	2628,65	2,76
0,00	0,00	2629,73	2,83
0,00	0,00	2630,81	2,80
0,00	0,00	2632,16	2,85
0,00	0,00	2633,51	2,82
0,00	0,00	2634,60	2,80
0,00	0,00	2635,68	2,73
0,00	0,00	2636,76	2,77
0,00	0,00	2637,84	2,76
0,00	0,00	2638,92	2,68
0,00	0,00	2640,00	2,72
0,00	0,00	2641,08	2,60
0,00	0,00	2642,16	2,58
0,00	0,00	2643,24	2,64
0,00	0,00	2644,32	2,68
0,00	0,00	2645,41	2,64
0,00	0,00	2646,49	2,58
0,00	0,00	2647,57	2,57
0,00	0,00	2648,92	2,55
0,00	0,00	2650,00	2,48
0,00	0,00	2651,08	2,51
0,00	0,00	2652,16	2,51
0,00	0,00	2653,24	2,48
0,00	0,00	2654,32	2,46
0,00	0,00	2655,68	2,55
0,00	0,00	2656,76	2,43
0,00	0,00	2657,84	2,54
0,00	0,00	2658,92	2,39
0,00	0,00	2660,00	2,28
0,00	0,00	2661,08	2,33
0,00	0,00	2662,16	2,34
0,00	0,00	2663,24	2,30
0,00	0,00	2664,32	2,39
0,00	0,00	2665,68	2,30
0,00	0,00	2666,76	2,22
0,00	0,00	2667,84	2,24
0,00	0,00	2668,92	2,28
0,00	0,00	2670,00	2,43
0,00	0,00	2671,08	2,36
0,00	0,00	2672,16	2,29
0,00	0,00	2673,24	2,27
0,00	0,00	2674,32	2,27
0,00	0,00	2675,41	2,26
0,00	0,00	2676,76	2,21
0,00	0,00	2677,84	2,29
0,00	0,00	2678,92	2,22
0,00	0,00	2680,00	2,22
0,00	0,00	2681,08	2,22
0,00	0,00	2682,16	2,16
0,00	0,00	2683,24	2,14
0,00	0,00	2684,60	2,09
0,00	0,00	2685,68	2,14
0,00	0,00	2686,76	2,11
0,00	0,00	2688,11	2,15
0,00	0,00	2689,19	2,08
0,00	0,00	2690,27	1,98
0,00	0,00	2691,35	2,05
0,00	0,00	2692,43	2,09
0,00	0,00	2693,51	2,05
0,00	0,00	2694,60	2,06
0,00	0,00	2695,68	2,06
0,00	0,00	2696,76	2,03
0,00	0,00	2697,84	2,08
0,00	0,00	2698,92	1,99
0,00	0,00	2700,00	1,94
0,00	0,00	2701,08	1,99
0,00	0,00	2702,16	1,97
0,00	0,00	2703,24	1,96
0,00	0,00	2704,60	1,99
0,00	0,00	2705,95	2,05
0,00	0,00	2707,03	2,06
0,00	0,00	2708,11	2,02
0,00	0,00	2709,19	2,06
0,00	0,00	2710,27	2,03
0,00	0,00	2711,35	1,98
0,00	0,00	2712,43	1,98
0,00	0,00	2713,51	2,09
0,00	0,00	2714,60	1,99
0,00	0,00	2715,68	1,99
0,00	0,00	2717,03	1,96
0,00	0,00	2718,11	1,90
0,00	0,00	2719,19	1,86
0,00	0,00	2720,27	1,91
0,00	0,00	2721,35	1,84
0,00	0,00	2722,43	1,81
0,00	0,00	2723,51	1,80
0,00	0,00	2724,60	1,75
0,00	0,00	2725,68	1,75
0,00	0,00	2726,76	1,78
0,00	0,00	2727,84	1,73
0,00	0,00	2728,92	1,82
0,00	0,00	2730,00	1,79
0,00	0,00	2731,08	1,76
0,00	0,00	2732,16	1,80
0,00	0,00	2733,24	1,80
0,00	0,00	2734,32	1,80
0,00	0,00	2735,41	1,74
0,00	0,00	2736,49	1,70
0,00	0,00	2737,57	1,62
0,00	0,00	2738,65	1,61
0,00	0,00	2739,73	1,64
0,00	0,00	2740,81	1,69
0,00	0,00	2741,89	1,64
0,00	0,00	2742,97	1,68
0,00	0,00	2744,32	1,73
0,00	0,00	2745,41	1,63
0,00	0,00	2746,49	1,67
0,00	0,00	2747,57	1,66
0,00	0,00	2748,65	1,69
0,00	0,00	2749,73	1,74
0,00	0,00	2750,81	1,70
0,00	0,00	2751,89	1,68
0,00	0,00	2752,97	1,68
0,00	0,00	2754,05	1,67
0,00	0,00	2755,14	1,61
0,00	0,00	2756,22	1,58
0,00	0,00	2757,30	1,58
0,00	0,00	2758,38	1,57
0,00	0,00	2759,46	1,58
0,00	0,00	2760,81	1,63
0,00	0,00	2761,89	1,48
0,00	0,00	2762,97	1,60
0,00	0,00	2764,05	1,58
0,00	0,00	2765,14	1,58
0,00	0,00	2766,22	1,55
0,00	0,00	2767,57	1,51
0,00	0,00	2768,65	1,43
0,00	0,00	2769,73	1,45
0,00	0,00	2771,08	1,46
0,00	0,00	2772,16	1,43
0,00	0,00	2773,24	1,50
0,00	0,00	2774,32	1,44
0,00	0,00	2775,41	1,50
0,00	0,00	2775,68	1,50
